USE [malatya]
GO
SET ANSI_NULLS ON
GO
SET QUOTED_IDENTIFIER ON
GO
CREATE TABLE [dbo].[__MigrationHistory](
	[MigrationId] [nvarchar](150) NOT NULL,
	[ContextKey] [nvarchar](300) NOT NULL,
	[Model] [varbinary](max) NOT NULL,
	[ProductVersion] [nvarchar](32) NOT NULL,
 CONSTRAINT [PK_dbo.__MigrationHistory] PRIMARY KEY CLUSTERED 
(
	[MigrationId] ASC,
	[ContextKey] ASC
)WITH (PAD_INDEX = OFF, STATISTICS_NORECOMPUTE = OFF, IGNORE_DUP_KEY = OFF, ALLOW_ROW_LOCKS = ON, ALLOW_PAGE_LOCKS = ON, OPTIMIZE_FOR_SEQUENTIAL_KEY = OFF) ON [PRIMARY]
) ON [PRIMARY] TEXTIMAGE_ON [PRIMARY]
GO
SET ANSI_NULLS ON
GO
SET QUOTED_IDENTIFIER ON
GO
CREATE TABLE [dbo].[Admins](
	[Adminid] [int] IDENTITY(1,1) NOT NULL,
	[KullaniciAd] [varchar](10) NULL,
	[Sifre] [varchar](10) NULL,
	[Yetki] [char](1) NULL,
 CONSTRAINT [PK_dbo.Admins] PRIMARY KEY CLUSTERED 
(
	[Adminid] ASC
)WITH (PAD_INDEX = OFF, STATISTICS_NORECOMPUTE = OFF, IGNORE_DUP_KEY = OFF, ALLOW_ROW_LOCKS = ON, ALLOW_PAGE_LOCKS = ON, OPTIMIZE_FOR_SEQUENTIAL_KEY = OFF) ON [PRIMARY]
) ON [PRIMARY]
GO
SET ANSI_NULLS ON
GO
SET QUOTED_IDENTIFIER ON
GO
CREATE TABLE [dbo].[Carilers](
	[Cariid] [int] IDENTITY(1,1) NOT NULL,
	[CariAd] [varchar](30) NOT NULL,
	[CariSoyad] [varchar](30) NOT NULL,
	[CariSehir] [varchar](13) NULL,
	[CariMail] [varchar](50) NULL,
	[Durum] [bit] NOT NULL,
	[CariSifre] [varchar](20) NULL,
 CONSTRAINT [PK_dbo.Carilers] PRIMARY KEY CLUSTERED 
(
	[Cariid] ASC
)WITH (PAD_INDEX = OFF, STATISTICS_NORECOMPUTE = OFF, IGNORE_DUP_KEY = OFF, ALLOW_ROW_LOCKS = ON, ALLOW_PAGE_LOCKS = ON, OPTIMIZE_FOR_SEQUENTIAL_KEY = OFF) ON [PRIMARY]
) ON [PRIMARY]
GO
SET ANSI_NULLS ON
GO
SET QUOTED_IDENTIFIER ON
GO
CREATE TABLE [dbo].[Departmen](
	[Departmanid] [int] IDENTITY(1,1) NOT NULL,
	[DepartmanAd] [varchar](30) NULL,
	[Durum] [bit] NOT NULL,
 CONSTRAINT [PK_dbo.Departmen] PRIMARY KEY CLUSTERED 
(
	[Departmanid] ASC
)WITH (PAD_INDEX = OFF, STATISTICS_NORECOMPUTE = OFF, IGNORE_DUP_KEY = OFF, ALLOW_ROW_LOCKS = ON, ALLOW_PAGE_LOCKS = ON, OPTIMIZE_FOR_SEQUENTIAL_KEY = OFF) ON [PRIMARY]
) ON [PRIMARY]
GO
SET ANSI_NULLS ON
GO
SET QUOTED_IDENTIFIER ON
GO
CREATE TABLE [dbo].[Detays](
	[DetayID] [int] IDENTITY(1,1) NOT NULL,
	[urunad] [varchar](30) NULL,
	[urunbilgi] [varchar](2000) NULL
) ON [PRIMARY]
GO
SET ANSI_NULLS ON
GO
SET QUOTED_IDENTIFIER ON
GO
CREATE TABLE [dbo].[FaturaKalems](
	[FaturaKalemid] [int] IDENTITY(1,1) NOT NULL,
	[Aciklama] [varchar](100) NULL,
	[Miktar] [int] NOT NULL,
	[BirimFiyat] [decimal](18, 2) NOT NULL,
	[Tutar] [decimal](18, 2) NOT NULL,
	[Faturaid] [int] NOT NULL,
 CONSTRAINT [PK_dbo.FaturaKalems] PRIMARY KEY CLUSTERED 
(
	[FaturaKalemid] ASC
)WITH (PAD_INDEX = OFF, STATISTICS_NORECOMPUTE = OFF, IGNORE_DUP_KEY = OFF, ALLOW_ROW_LOCKS = ON, ALLOW_PAGE_LOCKS = ON, OPTIMIZE_FOR_SEQUENTIAL_KEY = OFF) ON [PRIMARY]
) ON [PRIMARY]
GO
SET ANSI_NULLS ON
GO
SET QUOTED_IDENTIFIER ON
GO
CREATE TABLE [dbo].[Faturalars](
	[Faturaid] [int] IDENTITY(1,1) NOT NULL,
	[FaturaSeriNo] [char](1) NULL,
	[FaturaSiraNo] [varchar](6) NULL,
	[Tarih] [datetime] NOT NULL,
	[VergiDairesi] [varchar](60) NULL,
	[Saat] [char](5) NULL,
	[TeslimEden] [varchar](30) NULL,
	[TeslimAlan] [varchar](30) NULL,
	[Toplam] [decimal](18, 2) NOT NULL,
 CONSTRAINT [PK_dbo.Faturalars] PRIMARY KEY CLUSTERED 
(
	[Faturaid] ASC
)WITH (PAD_INDEX = OFF, STATISTICS_NORECOMPUTE = OFF, IGNORE_DUP_KEY = OFF, ALLOW_ROW_LOCKS = ON, ALLOW_PAGE_LOCKS = ON, OPTIMIZE_FOR_SEQUENTIAL_KEY = OFF) ON [PRIMARY]
) ON [PRIMARY]
GO
SET ANSI_NULLS ON
GO
SET QUOTED_IDENTIFIER ON
GO
CREATE TABLE [dbo].[Giders](
	[GiderId] [int] IDENTITY(1,1) NOT NULL,
	[Aciklama] [varchar](100) NULL,
	[Tarih] [datetime] NOT NULL,
	[Tutar] [decimal](18, 2) NOT NULL,
 CONSTRAINT [PK_dbo.Giders] PRIMARY KEY CLUSTERED 
(
	[GiderId] ASC
)WITH (PAD_INDEX = OFF, STATISTICS_NORECOMPUTE = OFF, IGNORE_DUP_KEY = OFF, ALLOW_ROW_LOCKS = ON, ALLOW_PAGE_LOCKS = ON, OPTIMIZE_FOR_SEQUENTIAL_KEY = OFF) ON [PRIMARY]
) ON [PRIMARY]
GO
SET ANSI_NULLS ON
GO
SET QUOTED_IDENTIFIER ON
GO
CREATE TABLE [dbo].[KargoDetays](
	[KargoDetayid] [int] IDENTITY(1,1) NOT NULL,
	[Aciklama] [varchar](300) NULL,
	[TakipKodu] [varchar](11) NULL,
	[Personel] [varchar](40) NULL,
	[Alici] [varchar](40) NULL,
	[Tarih] [datetime] NOT NULL,
 CONSTRAINT [PK_dbo.KargoDetays] PRIMARY KEY CLUSTERED 
(
	[KargoDetayid] ASC
)WITH (PAD_INDEX = OFF, STATISTICS_NORECOMPUTE = OFF, IGNORE_DUP_KEY = OFF, ALLOW_ROW_LOCKS = ON, ALLOW_PAGE_LOCKS = ON, OPTIMIZE_FOR_SEQUENTIAL_KEY = OFF) ON [PRIMARY]
) ON [PRIMARY]
GO
SET ANSI_NULLS ON
GO
SET QUOTED_IDENTIFIER ON
GO
CREATE TABLE [dbo].[KargoTakips](
	[KargoTakipid] [int] IDENTITY(1,1) NOT NULL,
	[TakipKodu] [varchar](11) NULL,
	[Aciklama] [varchar](300) NULL,
	[TarihZaman] [datetime] NOT NULL,
 CONSTRAINT [PK_dbo.KargoTakips] PRIMARY KEY CLUSTERED 
(
	[KargoTakipid] ASC
)WITH (PAD_INDEX = OFF, STATISTICS_NORECOMPUTE = OFF, IGNORE_DUP_KEY = OFF, ALLOW_ROW_LOCKS = ON, ALLOW_PAGE_LOCKS = ON, OPTIMIZE_FOR_SEQUENTIAL_KEY = OFF) ON [PRIMARY]
) ON [PRIMARY]
GO
SET ANSI_NULLS ON
GO
SET QUOTED_IDENTIFIER ON
GO
CREATE TABLE [dbo].[Kategoris](
	[KategoriID] [int] IDENTITY(1,1) NOT NULL,
	[KategoriAd] [varchar](30) NULL,
 CONSTRAINT [PK_dbo.Kategoris] PRIMARY KEY CLUSTERED 
(
	[KategoriID] ASC
)WITH (PAD_INDEX = OFF, STATISTICS_NORECOMPUTE = OFF, IGNORE_DUP_KEY = OFF, ALLOW_ROW_LOCKS = ON, ALLOW_PAGE_LOCKS = ON, OPTIMIZE_FOR_SEQUENTIAL_KEY = OFF) ON [PRIMARY]
) ON [PRIMARY]
GO
SET ANSI_NULLS ON
GO
SET QUOTED_IDENTIFIER ON
GO
CREATE TABLE [dbo].[Mesajlars](
	[MesajID] [int] IDENTITY(1,1) NOT NULL,
	[Gonderici] [varchar](50) NULL,
	[Alici] [varchar](50) NULL,
	[Konu] [varchar](50) NULL,
	[icerik] [varchar](2000) NULL,
	[Tarih] [smalldatetime] NOT NULL,
 CONSTRAINT [PK_dbo.Mesajlars] PRIMARY KEY CLUSTERED 
(
	[MesajID] ASC
)WITH (PAD_INDEX = OFF, STATISTICS_NORECOMPUTE = OFF, IGNORE_DUP_KEY = OFF, ALLOW_ROW_LOCKS = ON, ALLOW_PAGE_LOCKS = ON, OPTIMIZE_FOR_SEQUENTIAL_KEY = OFF) ON [PRIMARY]
) ON [PRIMARY]
GO
SET ANSI_NULLS ON
GO
SET QUOTED_IDENTIFIER ON
GO
CREATE TABLE [dbo].[Personels](
	[Personelid] [int] IDENTITY(1,1) NOT NULL,
	[PersonelAd] [varchar](30) NULL,
	[PersonelSoyad] [varchar](30) NULL,
	[PersonelGorsel] [varchar](250) NULL,
	[Departmanid] [int] NOT NULL,
 CONSTRAINT [PK_dbo.Personels] PRIMARY KEY CLUSTERED 
(
	[Personelid] ASC
)WITH (PAD_INDEX = OFF, STATISTICS_NORECOMPUTE = OFF, IGNORE_DUP_KEY = OFF, ALLOW_ROW_LOCKS = ON, ALLOW_PAGE_LOCKS = ON, OPTIMIZE_FOR_SEQUENTIAL_KEY = OFF) ON [PRIMARY]
) ON [PRIMARY]
GO
SET ANSI_NULLS ON
GO
SET QUOTED_IDENTIFIER ON
GO
CREATE TABLE [dbo].[SatisHarekets](
	[Satisid] [int] IDENTITY(1,1) NOT NULL,
	[Tarih] [datetime] NOT NULL,
	[Adet] [int] NOT NULL,
	[Fiyat] [decimal](18, 2) NOT NULL,
	[ToplamTutar] [decimal](18, 2) NOT NULL,
	[Urunid] [int] NOT NULL,
	[Cariid] [int] NOT NULL,
	[Personelid] [int] NOT NULL,
 CONSTRAINT [PK_dbo.SatisHarekets] PRIMARY KEY CLUSTERED 
(
	[Satisid] ASC
)WITH (PAD_INDEX = OFF, STATISTICS_NORECOMPUTE = OFF, IGNORE_DUP_KEY = OFF, ALLOW_ROW_LOCKS = ON, ALLOW_PAGE_LOCKS = ON, OPTIMIZE_FOR_SEQUENTIAL_KEY = OFF) ON [PRIMARY]
) ON [PRIMARY]
GO
SET ANSI_NULLS ON
GO
SET QUOTED_IDENTIFIER ON
GO
CREATE TABLE [dbo].[Uruns](
	[Urunid] [int] IDENTITY(1,1) NOT NULL,
	[UrunAd] [varchar](30) NULL,
	[Marka] [varchar](30) NULL,
	[Stok] [smallint] NOT NULL,
	[AlisFiyat] [decimal](18, 2) NOT NULL,
	[SatisFiyat] [decimal](18, 2) NOT NULL,
	[Durum] [bit] NOT NULL,
	[UrunGorsel] [varchar](250) NULL,
	[Kategoriid] [int] NOT NULL,
 CONSTRAINT [PK_dbo.Uruns] PRIMARY KEY CLUSTERED 
(
	[Urunid] ASC
)WITH (PAD_INDEX = OFF, STATISTICS_NORECOMPUTE = OFF, IGNORE_DUP_KEY = OFF, ALLOW_ROW_LOCKS = ON, ALLOW_PAGE_LOCKS = ON, OPTIMIZE_FOR_SEQUENTIAL_KEY = OFF) ON [PRIMARY]
) ON [PRIMARY]
GO
SET ANSI_NULLS ON
GO
SET QUOTED_IDENTIFIER ON
GO
CREATE TABLE [dbo].[Yapilacaks](
	[Yapilacakid] [int] IDENTITY(1,1) NOT NULL,
	[Baslik] [varchar](100) NULL,
	[Durum] [bit] NOT NULL,
 CONSTRAINT [PK_dbo.Yapilacaks] PRIMARY KEY CLUSTERED 
(
	[Yapilacakid] ASC
)WITH (PAD_INDEX = OFF, STATISTICS_NORECOMPUTE = OFF, IGNORE_DUP_KEY = OFF, ALLOW_ROW_LOCKS = ON, ALLOW_PAGE_LOCKS = ON, OPTIMIZE_FOR_SEQUENTIAL_KEY = OFF) ON [PRIMARY]
) ON [PRIMARY]
GO
INSERT [dbo].[__MigrationHistory] ([MigrationId], [ContextKey], [Model], [ProductVersion]) VALUES (N'202105141851031_AutomaticMigration', N'MaviOnline.Migrations.Configuration', 0x1F8B0800000000000400DD5D5B6FDCB8157E2FD0FF20CC63E1F5F8820DB6C678178E1DA746D671907116ED93414BF498B02E5349137850F497F5A13FA97FA1944449BC8BD450D2C4C84B4C8ADF210F0F0F2F87FCE67FFFF9EFE2B7D728F4BEC33443497C3E3B3E3C9A7930F69300C5ABF3D9267FFAE997D96FBFFEF94F8B0F41F4EAFD517F775A7C874BC6D9F9EC39CFD767F379E63FC308648711F2D3244B9EF2433F89E62048E62747477F9D1F1FCF218698612CCF5B7CDDC4398A60F907FEF332897DB8CE3720BC4D021866241DE72C4B54EF338860B6063E3C9FDD82EFE82E0E510C0FAB8F0F9728464F33EF22440057670943FC0788E3240739AEECD9B70C2EF3348957CB354E00E1FD760DF1774F20CC2069C459FBB9697B8E4E8AF6CCDB823594BFC9F224B2043C3E250A9AF3C57BA979D62810ABF0035675BE2D5A5DAAF17C76114408E3F292CE2EC3B4F84AA9E2C3B2E081D7661F3416810DA7F877E05D6EC27C93C2F3186EF2148407DE97CD6388FC4F707B9FBCC0F83CDE84215D3D5C419CC724E0A42F69B28669BEFD0A9FE84AA360E6CDD9C273BE7453962F58B5ED26CE4F4F66DE675C0DF018C2C60E283D2CF324851F610C5390C3E00BC87398E26EBC0960A949A10A9CC04F05748C7C74D108C5F687C7D30C6BEEF57718AFF2673CD2F000BA46AF30A813483DBEE19258E7E7B33CDDC02E514BF494C2A185FC03E62F4827C45AC662DEDAA4D6522F418A4298F6B1555274226B2DA4F731D6BADC58B65AC8D39AE9A999050955EC16BB4CB66022C9F019A53A833E75306A0A41B700851A393FBB189D579B7413D542DE27490841DCAD95CF7850AC4A0BE23D0A4ECCFE0652F802F36CE67D8561F955F68CD6D5D47A487FF1D00CD0EB3489BE26218750E73FDC837405735CCD44F3D132D9A47E5F574123F6F11774F9899C4659853E5EA3293896DBC0DD899E6B715718E21E2FE6ACC7E245509A84B6CE7A846BB4050DC415F45104F080FB92E2FF91F5EC2F336FE98302D01EFD3E598720BADFE4201D4CC6B77463B038E97635BB627CC1469EC430B4C6517A92C635B8F221B57BD0FA90DAD198D6B26EB7B49A75E603E715DB8ACABF10DC9DE23399C3D355B630966E7D565F29945964EA35597E2153A3B12B6E756AEF86EBB213B9607A18D87A61F321E4CE11D7325DACE1CC24395AB69909FB98A419D42DA14EDCACA1E01AA439B65377DEAF81948ED726F7A16E29E35524D9824B917D63EB4FBA177BBD3D20EF623A1C652F3F43E9D8DED1348527F2348CCDD9BA1A0B8375E76B1AA1C33B1BC79B1A6A90B9198CBC75EB066C2FD3AEE6707BAB2ECA4D64D0F54AD6D696CD56C0EECCB89037BC05DF82F4050C2D046BE28552DCF13BFB2D5888B2613751A5BF1F56443F6F21318B91961B9FB0DDAE12DB3D9BC5B498836DBF2911179C6C3AC4B26FAEFA4C85A4E0DBF21F8594F7285CE90EDE4F8E8EEC45199BD135C01D0D3EE13119F53126AAF8442645D5A0CFBCC4151FCBBC2E7CF412824837771CF7E876C90C855EA883AD7EA746EF518AA2810FE1063D7EAB3AD9DDB6AFC20B81FCD8ABC97DA08C8B596CCABF10367F8ACF763A40A7AADE77B4E3C2938EF5FEC37CCC115E495CC2147D4E9C865595A2500AB4A2DE3910E52624800D6685AE004A61A69BF9DE39593D83D66DC9A2732E9402B310451FB0610CBD5EA8245D846078496554C49D47EEF0A5B58F74E94EF9ED7B87D7EDE54E3FA2A0DFC585B2E0446EB4947DD3C38B3605DFDC32C98D5F73B98A3136C17A9FD9C70AEBB21319622DBECF8E902E3BDA9D2F2273808DA1361A28778C756D1EC827AD4364730447C865DB38C08B2C4B7C54D644125D6882BC6CDB3EC4816712F1AD34CA473AB172B1F9A13536385CA1F3D95F04DD75E037CBEA16BF0946B3D0C733DE66EFE22B18C21C7A177E75CBF312643E08C4FEC3FA0AD8146CE6302DEC0A8497B8DFF0C041712E8E0914FB680D42830670652D6EA415F56B24F13957700DE3620018F4D16E55682471AAEBD2D4624E999DDE1A65A7FC2A63D11EF9B7B642C59F06B4167DB52426DC86DFBB86472F43D428C7C40834712F2B63D428C34135463048456855D5F95D71D6EEFE1FC82ABBAEC0F4F5DDBD8C53AF2513C350DF00B1324FBD5676AFC808062A5E2A329A5CD91B468E676EE67212055EC54BF77ACEA6AB6ED2FFF2786AFF099BEE97DDE48F607B8AADBDCA46BAF6F9ADA150A79CA378C7AE035DBE6624DE328873D46BC9C42654C7AC5656A957C9AED518C138B9ED95AAEB557BADB6CBDB0DFA28B6A8D8DD75B85147C627D786496FABCF02ACCC4EDE7A9B0A8C6470D5FE1A97C9710998D69B27FC377C953D6DF89641729C93912304DE000ABC25CCE90771D9CC6BF7F1A4F7C9BB406126668B938D9F0CA0D93C7740709709051C76A9D001465DDA1280DAA5700748B31D90A150FBBC0E1872DE222054E3AAB30E39D8CAE597173A3A8AB367E0020833BD1841610FAD062A67D00E98F250580641CEC63B8AD7C34E86D07A4E0E841A53727B6B9F1B509FEA9E25F003DEF0CCAA698D60EE820B313CA5A210DB31C8BB7FB6FD06BA91DE7E1455D3797C627C804235831E751AADE8CE3D2834AAFE3B6B4575EF59548CC936DE66236FD2209BFDB7A91DF65092E4D549C79812779186FBC8DD4713B373A4E088CBDE5919AA60A4A81193BD8DCDEE866A0CEDB8358AE9D8940880755B7656121F981095A35B5B9BACAEA9BA53F38746178A45F10E165247489A155C93B79857741624613157F05E2C6EC17A8DE215C5834152BC65458271F9D3D29E1822AA30E63EA3577EBDD948CA9314AC20975B2C4403788DD22CBF023978044500EB3288249F55EB55C51C5F4B6196A4622FD5D37EFD79F1FFFA82B586A342B2AC2708D7B84D51B12928037E542F2BCA79050549315454AC129749B889622E91B737350E431641633119E678841182462249E61884F081C6204922C662CE2956D81F099D286C5859933032986601E4C264142B3D03A3519654A9B60E81D1BA5585C5F428BCBDD4697628E4351F0F44922DB12A5A0501AB4AB6C3AA981378A82AD51C893C0CA06148D2DE1872D7AAD1DE9A99CDB3BD49EB8B2BDD4ECD40C0381E399F810E87DCB6A15148923946452BC0FA65F11C4187406E34D31024C9A225347900D31E3AC31CAF3E8EA7A15447F46A1437FE870E4DD148BA90D564234CB75FB51F5DCD8992FDC8521775ABE72E347EE6A0D3EDD124330897658F59BFC39281D67916B3001DEA67E602DD1D80C9EC953A147161B0EDE1A5BDC56ACABA5676271E6FB54CC69B5A12A876BEF67D2F3B6E31E87679B16127A6FA551D8F62D7BBE4D52D0D42922C7650E5A35A661D53A6582C40DA47B5CC2AA44DB6A80DF57C56585B59A3D958BFAEA7640E9A4EB7D8FF52B13566FBAB89B94DE89ACB088D1BB75CC474FAB8646939B5FB24AF6359D7297D6BDBD5E9BB0F4FEA512B0F4492F7A6AB3B8E66ED3B9C8EBFD977BBB6B4721BC3BE6065B633BAB7B13ACCF6DD05E3DA9A540B5F4DDE9F32CE9AA499A3D02F5069243ADD62D326D9AED96ED4DACB29A2C2F7CA9B51C10277065EC485FB9AB7B4AC3B35EB91EAF798225A9D638D489E5D4A1049CEB8E722ECDB4A1A8ACDB1599C88CB12CB01473D90641A47A5DBA2558F2045B42ADDF604477678B3478398DCB1703180AB5B19F68357514EA5D6E6A920AD57C5C3431D8EBB99C8C5E0B29939263295361EEAC25A9A1B38F606A32EDAB54BE057B2BAAB81DD6842C88D4A1FB9D7849831FF49239DA4347F37316312AFEDFE010521805B7D523C474DBE17E310BBF16D96C3E8B0F8E070F9CFF03244B8BDED07B7005B00CCF2EA8DE7ECE4E8F884FBF985FDF92984799605CC91ABEAF710D8CE1AF5370950A1DCCE17A8964F8E253F43F01DA4FE7379F59DFD898016D9FA4707DC40323F3120E2E9E1AC7F4DA0474FBBE1F31FA49F590A7F597F9C1EF50265985E5DE2D2F4FB52FB39B5B51F9E6C5F86FAB3B55532BC728F2877F52E5F1D621D97277E107364F812028C99EF4A0D5F56731762F860046278E732585ACC5207C2CDFF9B3880AFE7B37F9545CEBC9BBF3F54A50EBCBB144FD367DE91F7EF1DD9E44D0557A576124C4735ED84B7252D2A604F67DE63A8AA23B57DF8C40719B074F8D7D4D7F7260C770BCDF275CAB04F7A787D915BD9D40EA9A24318A2221C3B0DDFF420B628A198766331434DE59267D12392250FD2072CBFA91BF5336CC86E2069EEE30CCFBC619F6582407FEC7C1A17E98F9D8BB0B46D798F0FE24A45A263534FDA961CC6910A41D471598A7F98812BD0104B2DA3E42176B24557C639A7A3FC1DA4AF78FA3AF9318ABD9F65387DFB784491D1D7FDEE69D07D13CFE76AEA71EA7243F81B4578736C6ADB412C59C6666B7B82A74465886B6563E49D2DB09BE309194DADB47AF6CB1A8A94563CC2B26EADC03FEB665A10D9661DE132DCB23BFA064BAAD61E43D3155DEA8F34C5B819402EE7007B3ED41E5DED96907498808FC041DA67500EC4EFD9B02EC8E8424661BF614945946C238390DFA85F189A869ABCBEBC5F6F9499735222CEE644780ADACD515936E567DFFD84EE2FA7E694F49953BA25ABDE55873286F54D7AB97BC5835971A008BC4F6FDE8E14EF8C4C8FBD87B59F1F92C7720F382B0955988A426C5886CAB1D92855EF32EC84EE1FF7E494749346DED031BBE4988492C65E6F4FF82379DA1EBEDF242C916A92C8EACE28DEBB3F16E773D566B226969CEB919B6D9F80DDE4C8D0959C773C3E3BE10942D86C99243D4F1A2FAE5D2F0AA2DA2C999876B7D32582DADF0832A83C9910922DBEA39072572AA92B65D0725E2CB1EE2579A5A4DE65BABCCE1511660732331D09F84CAE4C8A96DA4C2EAB9C821592CA3CB51C19279B9C3053CD972943AF39363B905BD72F80B759327C2589DAA84C9B9CCB60B8974497AA5A145385B50CB3FB46A229E7CCD4369C774A2C01C9EE0D566CB45DF2631A557D92DE76CE7B49BBDE9681611F9A3A06ABA59CC152DB7C89EB179E49EFDEF801D82AA50495DAA61AD9861B364AF105115E856EE222C053FD750533B46A21161833863EB3FE6CBEB9899F927A29CCD5A8FE84BFBC80A7FD002F4E2FD21C3D013FC7D93ECCB2F257D4FE00E1067FF2217A84C14D7CB7C9D79B1C3719468F21C38C5D2CA775F24BCA4DB6CE8BBB75F9F3692E9A80AB898A98D85DFC7E83C2A0A9F7B5246AA58028D6E9242854F4655E048756DB06E933F6826640447DCDF6E21E46EB10836577F1127C877DEAF62D83BFC315F0B7F5433035487747B06A5F5C21B04A4194118CB63CFE13DB7010BDFEFA7F1985D68DAF980000, N'6.4.4')
INSERT [dbo].[__MigrationHistory] ([MigrationId], [ContextKey], [Model], [ProductVersion]) VALUES (N'202105161609220_AutomaticMigration', N'MaviOnline.Migrations.Configuration', 0x1F8B0800000000000400DD5DDB6EDCB819BE2FD07710E6B2C87A7CC0065BC3DE8563C75B23EB38C8388BEE95414BF498B00E534913D858F4C97AD147EA2B9492288967911C4A7202DF7848F1FBC99F1F7F9E7FFEEF3FFF3DF9E5398983AF302F50969E2E0EF6F617014CC32C42E9FA74B12D1F7EF869F1CBCF7FFDCBC9FB28790E7E6FBF3BAABEC329D3E274F158969BE3E5B2081F61028ABD04857956640FE55E98254B1065CBC3FDFDBF2F0F0E9610432C3056109C7CDEA6254A60FD03FF3CCFD2106ECA2D88AFB308C60509C731AB1A35F80812586C40084F17D7E02BBA496394C2BDE6E3BD154AD1C322388B11C0D959C118FF00699A95A0C4993DFE52C0559967E97AB5C10120BE7DD940FCDD03880B480A71DC7F6E5A9EFDC3AA3CCB3E610B156E8B324B2C010F8E8882967C7227352F3A056215BEC7AA2E5FAA52D76A3C5D9C4509C2B8BCA4E3F338AFBE52AA78AF4EF826E8A3DF748CC0C4A9FEDE04E7DBB8DCE6F03485DB3207F19BE0D3F63E46E107F8729B3DC1F434DDC6319D3D9C411CC704E0A04F79B68179F9F2193ED09946D12258B289977CEA2E2D9FB029DB555A1E1D2E828F381BE03E861D0F283DACCA2C87BFC214E6A084D127509630C7D57815C15A93421638811F2AE81485E8AC138AF987DBD3026BEEF93798AECB47DCD27003BA44CF306A03483EBEE09458E7A78B32DFC221512BF490C3B185FC01CB27A413622DE364D97352CBD47390A318E62E5C254967626B25DD85AC6DBAA9B85AC9D3D2F4C88C41421687C5AEB217309364F888721DA18F3CB49A4AD03540B146CE8F3E5AE7C536DF26AD9077591643900E6BE5236E14EB9A41BC45C181C53F400E9F60592C82CF30AEBF2A1ED1A6E95AF7E82FEEBA067A9967C9E72CE610DAF8BB5B90AF6189B399693E5A65DB3C74351534A28BBDA0D3CF6434EA2CB8588D2EE154660357277A6CC55D60885B3C98B36E8B67514D096D9EF50897E805741017304409C00DEE538EFF23E3D99F16C12A0415A03DFA6DB6894172BB2D413E9A8C2FF9D66070326C6A76C5F884499EA530B6C6515A92CE34F8B221AD79D0DA90D6D098E6B22DB7349B6DE41D6715FB8CCABF10CC9DE23399C1D365B6228B34A355843A9362AC9041C9273B59E35EADF696B84D3B9315A65B82AD21366F45FE6C712BD3C730CE4C92A7919B99B05FB3BC80BA51D4A19F6114DC80BCC43CF567003B486993ED62EFDA92326D56122D345AD937B6266578BCE76C04797B3D602B9DEC0CA5637B43D3259EC9D2309CB335351684F5676B3AA1E31B1BCFF31AAA91F9698C3CBB750DD689DA4D676FCFEA2ADD4C846E07B3B65C361B04FBA371256F7C065F83FC098C2D046BE28952DCC15BFB59588C8A71E751B5BD1F57849BB590D062A2E1C607CCDB75E6306D531AB816516ADFDAC8BBAA888C69636384210617ED7F74613D73E1EDAE6672E364767B3DDA9BDE36ED4CE6B7157F75616F82E9B4936D941099239862ED145ACE44E336C23350D1841CC7B32578711BCBE284B38D63B16C17D27509A7621CEE25D2F1A7AE95947B14AF759B6687FBFBF6A28C6974097045830FB8334D5CC844259F8952540E5C06945CF2A9E87516A2A71824BA41DF8143B54B8696E8895A94765BF17D8772948CBC803EEAD27953C9FE46500D5E0CE44BD65DEC1D452EA69B907F210CA9149FEDB4DC4A65DDB5B5E3C4B3B675F7663E650B6F24AE608E3E665E8F442845A11C6845BDF520CACF761E26CC1A5D0094C342D7F3BDF532ED05BDD992EDACFB500A2C6294BCC7C4187BBCD0483A8BC1F892EA1D4D7F1679C096B636D2A739E547DF0356D7C99CFE8A22B7434775C299CC682DFBCAC18A7609BFBB61921FBBE67314634CC13FC006C520044F2E34EC12CF44C54EBE4BA7CE249E8A92EF0036C14FA313D2619952C598B3A2C84254175EB2D8D61DAA60B3F33E8D029313168D16F8931A58219830688329823374BAF89B50DC01FC6E28DCE377873F58E88305CFB29BF402C6B084C159D89CAA3E0745082251E5585F111B828909F38A07203EC79D10A63A4A4B91C5280DD106C40605E0D24ADB80FC046895BF4E121F73013730AD086B5047BB65A193C4A96E4853274B8A767A36CAB6D45464D1EEAFF55CA1367B47648B3E5B120AF7675D869A87131135CA3121816693D98A8C1A6578C8C60484549C635055FED0A186E1FA1F89954347CE5C6DB71339F55A322186FAB895153DF55AD93D23131094DB8050D5BF6A37A2AFF77E0B6B1242AAB610FB0C3547194621A05C1B26F5ADDE2DB3229EBCF43619988D7092BD57551DEB3662F5F53C12E974675A27B5806ACD9870407E62C68A806A4DEC96810908A8580452D5F9D08A505FEFD47AF8246C1C5AFAE7734676E64621A45E4B269C502DC85BD152AF925DB3E19D9CCD241BA729710A98B73328FC1B3ECBEE137D2920598629C8D49FE74685B782257D0BB55804FD649E10825CC61526D26C7232FB93017433E80108EE908D80C3DACA0130EA98A400D48F870740BA39810C859AEC0DC090F31A0242D31B0D246E3B6119403F8E1A2C48095EE485A88F730C246757C00510C6641841E156A706AAADE2004CBD242C83202BE303C9BB253C1904B5B2C9C1504D534EDBFEAA10F5A9EE4A116F370CD7BFBAF208AD46B044862B5E1462DF94F90E862DBF816EA4C79645D50C2EC5182FC650C5A01BAF462BBA35140A8DCAFFCE5A515D58101563B22460B3286052209BB9BC290F1D94C49F761395A39B8E9A4C48A9CC534656A30CC53C92C22179DDB9F0B243A7A20286A647A613A4A10298CE6B4664836A3756548AC990DD66D04E158AEEBB341A1A186B0B806D598C95D4EEB87483C12EEE64D9B8A32101274B85DF9A936BB0D9A0744DF9B12121C1AA716273FEC3CADEB14BD2602C4346DFFCD0B59354663958432EB61AD346F012E54579014A700FAAFDA6F328917CD60C7D153D7D2B8519DD8A95D6F6FDEDE7D5FFEDED088D8F19C9FC80205CE23225D52CA3DEF0A32A5B912EA85C08556C51798539CFE26D9272813CFDD4388CB3171A8B8930C7231E5D682412648E411CB6D0182448C43859728A15A65A42250AD36296124684E906413E28A318ED1990469952A5DA764B8DD6AD6A9B4D8FC2F3A50DB3432157717920126C89D5B84511B09A603BACC6F3090FD5849A2391ED721A8604BD1A220F8D0FECD9CCCCC3ED29AD4FAE343B807810610C4F1B685E63E4C40D8D4282CC311AB720AC5D1697247408E454330D41822C4A423BFF60CA434798E3B50BAD34946AF1558DE2C7FED05B5D34926E0B6CB616A69BB3DAB7AE6E71CABE65A993FAD5F3101ADF73D0E1F668921E848BB2C76C2F51CA40DB388B5E803E3AC0F405BA3305B3F1955A18F141D87E1DD49EB19AB4BE953D88C7B39689F8AE8604AAF512FBBAAF57B0EDAB5D9E6CDC8EA9BD52CFA3D8D52EB9324F8390208B19547D239E19C7D421160390FE463C330AE9832D7243DD7D17C656D66836ECD7D594CC40D3E116F35FEA100333FDD51C6E98AD65F6EB903E5A67B73D64DF42D54987F45C9D5691E959768A65184D58B4A0C25F4DAD91DD353F9D69B51FE7D2914AD3A93B3D72AF99EDF0A4B7A47538ED75651AA60DB34321D791792012FC6AAA7A604DD9BEC2E9BD53FB6AD7A6564E3ED9BBC7CC245477AB5987D9DF98613AA42ED4A287253787992E968499A3D0778769243ADC62AA2D9964DB4EAFFBC322A2C25F551F44ED72F82378B5A7EF4A6F695A7F6AD623B5376945B436C61A915C98952092986957B3D85BB134141B6333A4140793960D8EBADACA148E0AB7456BAEAF8A684DB8EDBA9B6CC9ED153562723EC647036E4ED4D8375E453A955ABB4B9EB45E1557467538FE7A221F8DCBA6E798892AD459281F74E94F4FD953469356B995485FC6643614D5573C7578ED3D4B66D040C2BEC14520E1A800FF49279D8474BFBBA302649B7EF8DD1B61DFBEF9A4BA899C7DAD1A32EE075E8A12267BD5077BAB7FC5E731C2E5ED3FB8069841B0289BCBBD8BC3FD8343EED59CD7F382CDB2282266A55DF58C0D5B59933E25832AE50E5E3CB6BC6D2E793DE62BC8C3C7FA2C3BFBB24B8F6CFD568C1F48E66518114F0F67FD088C434DFB798665947A665F5E91D5C7D1BE1328E39DDB272EFD6A8A943F47B6FCE1DF4891A1FE68CD4AE692FD3D2A7DB96450EFAC4FFBBCC72874645C654418B3DCF5458F3A9BBBBCE7114DF09E877719AC2BE35A07C2DD91AB3482CFA78B3FEB24C7C1D53FEF9A546F829B1C77D3C7C17EF0EF1D1F013115DCA4DA4930BD996D27BC4F699101FB27281C9AAA7A83DEE50D88511A2CBDEB6F6AEB9D1F79F00BCDFA5896611F3A587DD11FBE290FA9A4631051B10B3FCF1B01A37051F22C801FC68CD5958B3BE4533AB81FA50E589FF67ED4CF78B0F70349FBAB2F70CF1BBB0C130497F5DEBB71D165BD771196DC96D7F828A654744E6F6A49FB94631852F9AEF91CBED1C799F90BEED05D9A9CA5AB71A72EC98FBBEF5194C87AF8F663B3047FDED276563BF4F65233CA6DE7F97C678F5257BC1F48F9A2947DAFC538C776E95F44D7D8FEE7A2A3CE4279C7C8A6F6BB4D3786F556EC364FED237A1426CBDC42DBAE872A51190FD0B236F2D616D8CF628FCCDFB3347BF68344CABBB3B820685D5AC191B39F6E4174DBEC099771D2BCA36DB0F479ECD0347DF91DFE96BA183F0DC8671FE0E058D8A1AE7D3BF61DA5CE595FBE9E6ADCD34AC48E5E7B3BFF27943F95293CE8CABD9C4CED6A4D7DCFD774E72F7075BFFB9DFADB9DD5BD6EB7403F8733DD497DE7CAB722DC84BE5E4FB9733AC59DD32C59D5AE7A67695CDBA497FBFABCDBCEE9D0B6711C47C99FC07FED942E6B15D70AD5F2BE150FB57339A39DD3FA1857A60757B3D656E79BF42EFB0A3CC912678F423E26F11B3BB58F58D5ED2C3BA1937984E5BD67F135C9BAC224EE5DFBD920EBF6B539C38B67FFF7D50A5F339D6C5DC52EF5C8DDBC4FC0EE6264E84AF7933C3E6BBB04216CB44C92DE491D2FAE1F300AA2FA2899987EBA3324829AE00832A8389910122D5E8C917AA3553AA39541CB9D1AF2B0FD104880EEA364F04ADF8B722FB66A27B672B5348E6F079019E325E033B132295A3F7E7259B5C15648AAE3D472640E08E50E72D5FE7165E8AD4FDD0164CA3DAE804EC5C924D06E77392953BAD6E50C13E3684D34DCAA51149558EB99FAB579CD953BC9D5169C377DACB7A1DD0BAC98CFFB74886B94F5596A7B0447B752DFB6DAC2D29D42EFA265F7C28DE4C87630ABB3D4E4144E6AE50E69B5C597746E82F300F3C25B389F156F8EE1D1EE36ADB6A29A5F17B040EB1EE20463A63064C6B9DD3757E943D60EB8B91CB59FF0C72C70DF1FE141F0595EA2071096383A8445513F9CF83B88B7F893F7C93D8CAED29B6DB9D996B8C830B98F1977F8D5B05D27BFF6B0CBE6F9E466533F25EBA308389BA8DABDBB49DF6D511C75F9BE946CE82820AAF900D9BBAAEAB2ACF6B0D62F1DD2476C07CD8088FABA69CC2D4C3631062B6ED215F80A5DF2F6A580BFC135085FDA0B806A90E18A60D57E7281C03A07494130FAF4F827E670943CFFFC7F11F23BB75EA00000, N'6.4.4')
INSERT [dbo].[__MigrationHistory] ([MigrationId], [ContextKey], [Model], [ProductVersion]) VALUES (N'202105170014500_AutomaticMigration', N'MaviOnline.Migrations.Configuration', 0x1F8B0800000000000400DD5DDB6EDCB819BE2FD07710E6B2C87A7CC0065BC3DE8563C75B23EB38C8388BEE95414BF498B00E534913D858F4C97AD147EA2B9492288967911C4A7202DF7848F1FBC99F3F7F9E3FFEEF3FFF3DF9E5398983AF302F50969E2E0EF6F617014CC32C42E9FA74B12D1F7EF869F1CBCF7FFDCBC9FB28790E7E6FBF3BAABEC329D3E274F158969BE3E5B2081F61028ABD04857956640FE55E98254B1065CBC3FDFDBF2F0F0E9610432C3056109C7CDEA6254A60FD03FF3CCFD2106ECA2D88AFB308C60509C731AB1A35F80812586C40084F17D7E02BBA496394C2BDE6E3BD154AD1C322388B11C0D959C118FF00699A95A0C4993DFE52C0559967E97AB5C10120BE7DD940FCDD03880B480A71DC7F6E5A9EFDC3AA3CCB3E610B156E8B324B2C010F8E8882967C7227352F3A056215BEC7AA2E5FAA52D76A3C5D9C4509C2B8BCA4E3F338AFBE52AA78AF4EF826E8A3DF7416810DA7FA7B139C6FE3729BC3D3146ECB1CC46F824FDBFB18851FE0CB6DF604D3D3741BC774F67006711C1380833EE5D906E6E5CB67F840671A458B60C9265EF2A9BBB47CC2A66C57697974B8083EE26C80FB18767640E961556639FC15A63007258C3E81B28439AEC6AB08D69A14B2C009FC5041A72844679D506C7FB83D2DB0E69E7F83E9BA7CC42D0D37A04BF40CA33680E4E30B4E89757EBA28F32D1C12B5420F391C5BC81FB07C423A21D6324E96BD4D6A2DF51CE42886B98BAD92A433596B25DDC558DB7453D96A254F6BA647661624647158EC2A7B013349868F28D719F49187565309BA0628D6C8F9D147EBAC0B34E0060E7D08BAD8E6DBA415F22ECB6208D261F57FC4AD6F5D9B2AEFBA7060F10F90C32758168BE0338CEBAF8A47B469FAF03DFA8BBBCE135CE659F2398B398436FEEE16E46B58E26C669A8F56D9360F5D7D128DE8E298E8F43379A73A0B2EEEA94B38957FC2D5891E5B711718E2168F1AAD1BFD59549B8436CF7A844BF4023A880B18A204E096FD29C7FF9181F34F8B6015820AD01EFD36DBC420B9DD96201F4DC6977C6B300A1AF635BB627CC2469EA530B6C6517A92CE35F8F221AD7BD0FA90D6D198E6B22DB7349B6DE41DE715FB8CCABF10DC9DE23399C3D365B632166946AB087526C5582183924F76F2C6BD5AED3D719B76262F4CB7045B476CDE8AFCF9E256A68FF1A299244F43443361BF66790175C3B5432FE3B50BB8017989EDD49F03EC20A54DB68BBD6B4BCAB45949B4D06865DFD8BA94E1F19EB313E4FDF580AF74F233948EED1D4D9778264FC3D89CADABB130587FBEA6133ABEB3F13CAFA11A999FC6C85BB7AEC13A9976D3D9DB5B75956E26836E07B3B6B66C3608F667C695BCF12DF81AE44F606C2158134F94E20EDEDACFC262548C3B8FAAFDFDB822DCBC85C42C261A6E7CC076BBCE1CA66D4A07D7224AFD5B1B79571591716D6C8C30C4E0A2FD8F2EAC672EBCDFD54C6E9CDC6EAF477BD7DBA69DC9FDB6E2AF2EEC5D309D76B21D1922730457AC9D42CB2DD1B88DF016A868428EE3D912BCB88D6571C2D9C6B158B68BD17509A7B238DC4BA4E34F5D2B29F7285EEB76E70EF7F7ED45199BD125C0150D3EE0CE347131262AF94C2645E5C06540C9259FCABCCE42F414834437E83B70A876C9D0123D518BD26E2BBEEF508E929117D0475D3A6F2AD9DF08AAC18B817CC9BA8BBDA38C8BE926E45F08432AC5673B2DB75259776DED38F1AC6DDDBD994FD9C21B892B98A38F99D7B3174A5128075A516F3D88F2B39D870D668D2E00CA61A1EBF9DE7A99F682DE6DC9B6F07D280516314ADE63C3187BBCD0483A8BC1F892EA1D4D7F1E79C097B63ED2A73BE547DF035ED7C99DFE8A22B7D34D75C299DC682DFBCAC18B7609BFBB61921FBFE67314636C827F800D8A41089E5CCCB04B3C932976F25D3A7526F15426F90E6017FC34BA413A2C53AA2CE6AC28B210D585972CB675872AD8ECBC4FA3C0E48445A305FEA40656083618B4C126823374BAF89B50DC01FC6E28DCE377873F58E883056F6537E9058C610983B3B039BE7D0E8A1044A2CAB1BE2236041B26CC2B3B00F139EE84B0A9A3B414AD18A521DA80D8A0005C5A691B901F35ADF2D749E2632EE006A695C11AD4D16E59E82471AA1BD2D4C992323BBD35CAB6D454C6A2DD5FEB6D85DAEC1DD15AF4D99298707FD665A8793819A246392646A0D964B632468D323C64630283549C635055FED0A186E1FA1FC92A878E9CB9FA6E27E3D46BC9C430D4C7ADACCC53AF95DD33328181721B10AAFA57ED46F4F5DE6F614D6290AA2DC43E43CD5186510C50AE0D93FA56EF9659199EBCF4361998CDE0247BAFAA3AD66DC4EAEB7924A3D39D699DD403AA35636203F213335606A8D6C46E1998C000158B40AA3A1F5A11EAEB9D5A0F9FC41A8796FEF99C919DB9510C52AF25139B502DC85B99A55E25BB66C3BB7136936C9CA6C42960DECEA0F06FF82CBB4FF4A5806419A620537FDE362ABC152CE9EBAEC522E827F3C420C8AD5F6122CD2627B33F194037831E80E00ED90838ACAF1C00A38E490A40FD787800A49B13C850A8C9DE000C39AF212034BDD140E2B6139601F4E3A8C18294E0455E88FA38C7407276055C00615C8611146E756AA0DA2B0EC0D44BC23208B2323E90BC5BC29341502B9B1C0CD534E566DB5F15A23ED55D29E2FD86E1FA57571EA1D5089EC870C58B42EC9B32DFC1B0E537D08DF4D8B2A89AC1A518E3C518AA1874E3D56845B78642A151F9DF592BAA0B0BA2624C96046C16054C0A64339737B5430725F1A7DD44E5E8A6A32613522AF39493D52843318FA470485E772EBCECD0A9A880A1E991E90469A800A6F39A11AD41B51B2B2AC564C86E3368A70A45F75D1A0D0D8CB505C0B62CC64A6A775CBAC1601777B26C786F48C0C952419073720D361B94AE29C21C1212AC1AB69CF31F56F60C324983B10C197DF343D74E5299E5600DB9D86A4C1BC14B9417E50528C13DA8F69BCEA344F25933F455F4F4AD1466742B565ADBF7B79F57FFB7B72334643692F90141B8C4654AAA5946BDE14755B6225D50711555D6A2A29F39CFE26D927281BCF9A9711856191A8B8930C7239C1134120932C720CC3034060912314E969C6285A9965089C2B49835092383E906413E4C4631DA33301A654A956ADB2D355AB7AA6D363D0A6F2F6D981D0AB98ACB0391604BAC867F45C06A82EDB01A8A151EAA09B5CC95D820A860732CB2F54EE390A057D32886C61AF62D8399D3DB370F7D72A50B03848D8471626DA0798D91D33B340A0932C7682846581F2F2E6FE810C809691A8204599484261261CA434798E3B58BB634946A21578DE2C797D1DB6634926E3B6DB616A69BFFDAB7AE6EA1CBBE65A993FAD5F3101ADF0BD1E1F66892DE888BB2C76C2F64CA40DB388B5E803E86C0F405BAF309B3D92BB5C8E2C360FB35557B8BD5A4F5ADEC413CDE6A9988EF6A48A05A7BB1AFFB7A35DCBEDAE5C9C6ED98DAEBF93C8A5DED92EBF7340809B2988DD5B7EB99714C1D623100E96FD733A3903ED82237D43D7A616C658D6663FDBA9A9239683ADC622E4D1D8860A6D29A8312B3B5CC7E4DD347EBECB69AEC5BA83AE9909EAB932F323DCB4EC40CA3090B2054F8ABA935B253E7A733ADF6F65C3A52693A75A747EE48B31D9EF4C6B50EA7BDFA4CC3B4617628E46A330F44825F4D550FAC4FDB5738BD0F6B5FEDDAD4CAC9277B8F999984EA6E48EB30FBDB374C87D4855AF4B0E41632D3C592307314FA1E328D44875B4CB525936CDBE9757FF04454F8ABEA83A81D137F065E9D0F70356F695A7F6AD623B5B77245B436C61A915CBE952092986957B3D81BB634141B6333A4140793960D8EBA26CB148E0AB7456BAEC28A684DB8EDBA9B6CC9ED15356272D6C647036E4EE7D8375E453A955ABB0BA3B45E15D74F7538FE7A221F8DCBA6E798C954A873553ECCA53F89656F329AB4CA6D49FA6227B339A9BE2EAAC36BEF6C32830612F60D2E0209C70EF84F3AE924A4FBDD1D3B205BFEC38FF50867009A4FAA5BCDD9D7AA21E37EE0A52861B2577DB0B7FA577C1E235CDEFE836B802D08166573517871B87F70C83DF5F37A9EDD591645C4ACB4ABDEDE612B6BD2F76F50A5DCC14BCC9637D7254FDE7C0579F8589F8B679FA3E991AD1FB8F103C93C6723E2E9E1AC5FAE71A8693F6FC78C52CFEC7331B2FA38DA77026598BE7DE2D24FBD48EDE7C8D67EF8875D64A83F5A5BA5F08C8B0CF6D01A96E101B847A52FD608F586FDB42F908C62E50C9B478431CB5D1F1DA9B3B9CB9323D1044F8E7897C1B22DD73A10AEB75CA5117C3E5DFC5927390EAEFE79D7A47A13DCE4B8F73F0EF6837FEFF84E89A9E026D54E82E93D723BE17D4A8B0CD8BF92E1D054D5FBFE2ECF548CD260E9C304A65D88F33B147EA1591A68A9D3B7EF4C2494FDA67648251DC310159BFBF33C63308A2D4A5E2EF063316375E5E2C6FB941CFCA3D4014BBBEF47FD0CC9BE1F489A52BFC03D6FEC324C1058F5BD77E322ABBE771196B62DAFF1515CA9C89F6FEA49FB94633852F966FC1CF4EDE32C28088CED2E4DCE920DDDA94BF2C3483E8A125912723F3E4BA01C97CF53F77DD58C72377B3E7AEF51EA8AA7AA94AF75D9F75A0C7FB74BFF22B277FB9F8B8E3A0BE5B99B4DFD779B6E0CEFADD8C49E9AC67A144B963157DB2EB32A5119926A591B796B0BEC67B14746492DCD9EFD209122A016D719AD4B2B704DFBE9164466694FB80C8FF48EBEC19296D9A169FAA246FE96BA183F0DC8671FE0C07DEC50D7BEB98747A973966ED8538D7B5A89D89158B8A368A1285FA620F99513B14CCD06A7BE8A6CBAA118B832047FA794C0B33200770BF473F0FD4E4AEF2BDF8A7013FA7AC97CE7E4ED9DD32D59D5AE7A67695CDFA497FBFA0878E7E4DC6DB8ED28F91350EC4EC9AAABB8ADA896F7AD90E8CEC5973BA7F731AE4C0F6CB8D65EE79B24C07D0564B7848F52C8C724D4B653D3D8AA2E7DD9099D8CB49627F8E26B9265EB240CB4FD6C9065A66D8E06E3D9FF7DB5C2D74C275B36DBA51EB99BF709D85D8C0C5DC990C9E3B3BE4B10C246CB24E979F47871FD805110D547C9C4F4D39D2111D404479041C5C9849068F1BE8D943057C9972B8396F32EF2B0FD104880EEA364F04A7A4839D1AE9A6757AE96869B770099715E023E132B93A2A51A94CBAA1DB642521DA79623E3489473F8AA297C65E82DEDEF0032C5E02BA05371320934333027654AF65FCE31315C70A2E3568DA2A8C45AF2ECD746EC2BE7F1D5169C777D2C89D1EE0556CCE77D72F61A657D96DA1E818B574ABFAB2D2CDD29F4CC2FBB176E24AEDDC1ACCE529353F0E8CA3973B5C597746E02278179E12DF871C50B6978B4BB4DABADA8E6D7052CD0BA8738C198290C99716EF7CD55FA90B5036E2E47ED27FC310BDCF74778107C9697E80184258E0E6151D46F3BFE0EE22DFEE47D720FA3ABF4665B6EB6252E324CEE6386B1BF1AB6EBE4D724C06C9E4F6E36F56BB73E8A80B389AADDBB9BF4DD16C55197EF4BC9868E02A29A0F90BDABAA2ECB6A0F6BFDD2217DC47ED00C88A8AF9BC6DCC2641363B0E2265D81AFD0256F5F0AF81B5C83F0A5BD57A80619AE0856ED271708AC73901404A34F8F7F621B8E92E79FFF0F4322DC3D6AA10000, N'6.4.4')
INSERT [dbo].[__MigrationHistory] ([MigrationId], [ContextKey], [Model], [ProductVersion]) VALUES (N'202105240416376_denemekargo', N'MaviOnline.Migrations.Configuration', 0x1F8B0800000000000400DD5D5B6FDCB8157E2FD0FF3098C722EBF16537D806F62E1C3B4E8DACE320E32CBA7D31680D3D26ACCB54D204368AFEB23EF427F52F9492288A77911C4A7202BF7828F13BBC7C3CBC1D9DF3BFFFFCF7F8D7A7249E7D857981B2F4647EB0B73F9FC134CA56285D9FCCB7E5FD0F3FCF7FFDE5CF7F3A7EB74A9E66BFB7EF1D55EFE19C6971327F28CBCD9BC5A2881E60028ABD0445795664F7E55E94250BB0CA1687FBFB7F5D1C1C2C20869863ACD9ECF8F3362D5102EB1FF8E759964670536E417C95AD605C9074FC6459A3CE3E8204161B10C193F915F88AAED318A570AF79796F8952743F9F9DC608E0E22C618C7F8034CD4A50E2C2BEF952C0659967E97AB9C10920BE79DE40FCDE3D880B482AF1A67BDDB63EFB87557D165DC6162ADA16659638021E1C91065A88D9BD9A794E1B1037E13BDCD4E57355EBBA194FE6A7AB04615C51D29BB338AFDED236F15E9DF1D5AC7BFC8A320213A7FA7B353BDBC6E536872729DC9639885FCD3E6DEF62147D80CF37D9234C4FD26D1CB3C5C305C4CFB8049CF429CF36302F9F3FC37BB6D068359F2DF8CC0B3137CD2B666CEA7699964787F3D9475C0C701743CA03A61D966596C3F730853928E1EA13284B98E36EBC5CC1BA25A52208023F54D0298AD029158AF987C7D31CB7DCD36F305D970F78A4E10174819EE0AA4D20E5F88273E2363F9997F916F6895AA2FB1C0E2DE40F583E2293106719C78B8E9346A69E811CC530F7E12AC93A115B2BE93E646DF38DC5D54A9E91A647760C928AD82F76993D838924C307949B087D1460D45482AE008A0D727E0A313AEB0AF5A881C31082CEB7F9366985BCCDB21882B4BFF93FE2D1B7AEA92AAA2E9C58FC0DE4F01196C57CF619C6F55BC503DA3473F81EFBC62DD5041779967CCE6201A17D7E7B03F2352C713133C34BCB6C9B47BE3A8945F4514C6CFE89B4535D041FF544338EA59F7077A28756DC3986B8C1AB46E7417FBAAA29612CB319E1023D030A710E2394003CB23FE5F83FB270FE793E5B46A0027447BFC93631486EB625C80793F125DF5AAC82FA75CDAE189F30C9B314C6CE385A4D425543281DD2AA07A30E69158D6D29DB7A2B8BD93EBC15B4625750F51B92BAD3BCA65278A6C256645116B47AA02FA4FC542AA0E2959DB471D7ACEE9AB8CD3B9116664782AB22B61F45E174712B33C47AD14E52A025A29DB0F7595E40D372ED30C87AED1C6E405E629E86538014523964E9D3DBB6A6DC98553C9606ADEA1D5795D2BFDEF35682A2BEEED1955E7A866963774543334FA46938CEB9AA1A07C286D33554E8F0CA26F0BE8619646106A3C86ED380F5A27633D9BBB3BACA3711A1DBC5AC2B97ED16C1E1685CC91B9EC157207F04430BC12DF1C834DCC16BF75D588C8A61F751B5BE1F56849FB650D062A4E5C607CCDB75E6B16DD32AB81651A9DFDA87B7551539D5C63F919618C2E3F0AB0BE79D8BA8770D9B1B2FB5DBB5A3BBEA6DF34EA47E5BF197E7EE2A98CD3BDA8D0C9139802A366EA1D54CB41E2322033543C8733D5B8267BFB52CCE38D93A16CBF6211DCD3816E3F02C910EBF75ADA4DCA1786DBA9D3BDCDF7717654DA30B803B1A7CC09369E2432626FB4494624AE0B3A014B28F45AFD3083DC620312DFA0E3CBA5DB1B4448FCCA1B4DF89EF5B94A364E003F4418FCE9B4E0EB7826AF062A03EB2A64F6F197271D384FA0D6949A5796DA7E356A6E8BEA31D679E74ACFB0FF331477823710973F4310B6A7BA11585726014F53A80A830D77998306B740E500E0BD3CCF73AC8B617746A4B75851FA2516011A3E41D26C6D0EB8546D2690C869754DF6886D3C83DBAB4D59121D5A9B8FAEED1BA5EEAF43D5AF95937D5192752A3B5EC4B0F2D4A337E77CBA4307A2DE42AC6E118225F67DEBBC12EF76447116D017CE6753EF70BA2E551205A3EA2CD876CB51DDA44B4BB85D7CAF931849C534C19D3941F4488CF60761B6E75BF780FB73AF794C3AD2E80F770A3B9C7B3211B69148C38AE3143FF01926E1D179AA67F800D8A41041E7D584A334F44522ADF87A35CE6B128FA16E085F9E3E0CB148FCB2B1D634E8B228B505D79C5150C35B5E38BF32E5DCD6CECEE9A5610EDF7708360C2A04D350794CF27F3BF48D5EDC1A707241D3E3509E4A10FE622CBAED37318C312CE4EA3E6A39E335044602537396EAF159F828909F38A07203EC35B134C759496328B511AA10D882D2A20E4558E01F5070855F9A824F1C939DCC0B422AC451FED56042A4968BABE963A5E30B433B3516568A1238BD1EAA2E30A630234205BCCC55250B85B7BF50D0F2F221A1AC7860406D32327321A1A2340314620A4C6BA4DD7F97DA66EFDFD3F102BFB0C917D75B71739CDAD64430CBD11AE133DCDADB27B414620A8702DADEB7FDD1D75D7EF9D61C32884D4199674056A0CDC0621A0BA356CFA5B6F43E1443C75ED5D0A3019E1141639BA3E3699E798FB7920D299BE74185503EA5BC686036A3B4A2702EA5B62B7028C4040CDD580AECFFBEE09BA7E676E49476163DF85B0583262AF310821CDAD64C309DD35AD132DCD4DB26B318293B3D964E33C25CE01F37607857FC327D557A65F0A488E610AB2F517B951E12D6149BF804C50656BD66DE60921882F086923CD6727BB3F1500DD41F74008A697120EAF2B7BC018E37909A85B0FF780D03D810A85D9ECF5C0102B3E09A1998D7A32B793B00AA05B47F556A404CFEA4AD4D73A3DD9F97B5109845319565078D4E9816AADD803535F14AA20C87D696FA3B6B73AEA66ED2EBC6C80EAE3632D1039CAEF01A2878A2A1CE6AC55806194857A20759FB432AF9A3E7D153599E5891CAD8F348E25DD687906C72076CA459CF2F8FA5BB48DF2F31AB9697A0F87AC8F87986AB0EAC4D02AA6531D068D29FFCEADA2FBB04E6E189B430A97630A9B0AB99C2ED8F2D0A39144AB6CB9714C1B649B2D32537846ED1B1A43B3B36570485977AEBCEAE308B901FA366CB65BB6BE0AD8EEB4066483CE6A486E149B4D84CB3682A9143B9B1A5AA867F52F01B675B16EA4F60E882E4FE9B3E345E39F8D241C2F348EDC8EAFC06683D235E3D88DA4CC968D57B7B31F96EE9ECE9206631171ED2D2EA6A9A432CBC11A0A4FAB55F60A5EA0BC28CF4109EE40750376B64A14AF358B71CD4CDF4AE1D6DB72A7B5737FFB7AF57FFB159FC1E99A62C742102E709D926ADF535F41329DADC937AB7CEA556CD1B9493BCBE26D920A8922FDF4389CF733168B7B608F477C1BB14824C91E837830633148928C71BC101A56DAFC499D286DD4794A5811862E82425046B3DAB3208D36A7AE69DB4B3EB66D75177F6614912F6D9A1B0A71192102916447ACC64F9884D524BB6135AEC044A826D5B154F2806092EDB18831008B43925ECCA0E85B6BB88F0CEE94C17D7898B36B5518205EB33825D626DAF718314C635148923D46E30A8BD7F1F2818B09817CC9C3429024879AB00EAFB8FAB00FECF1DA6364164A77B4AC4709A3CBD88B3C16C974C137D90833ED7FDD47173D7A731F59FAAC61DBB90F4D9C85D8747734C56C243C72C76C1D07A840DB670EB3006B18C1CD05268B89C9F8CA1CB284206C77CAEBCE5843DED08DDD8B27B2967BF05D2D0974672FEE7D5F9FCFBB77BB3ADBB01353EB46464471EB5DE226860521490EBBB1DA0B0CB78EA9531C16209D17186E15D2253B9486F1F722ADAD9CD15CD86FEA29958266D31DF6D28C8906B79536986E4C3632BB33CD10A3935E7EB98F507DD6BE76AE6C7154EDACB2D1E947930E4098F417D36BE49A2CCC645ADDA9F94CA4CA7CFA498FF8F2E0273CA56710134EEBA2838569D3DC50880B0E118824BF98AEEE399F76EF70F666D8BDDB8DB9B59B4FDEDF06B7093579F23061769FED7013124D75986189B70C6E8A2569F628ACBF0C16894D77D86A2B36D9AEDBEBCE14466EF0173507313726E1085E592CF8D25B99375C339B915AEF11325AFBC41991388950209227E39E66F19E205828FE89CB92525E4C3A0E38C69D03573926DD15AD71D920A335E9AEE76EAA23B717348889F54F8801DCD80BB90F5E4D3E5DB352C7066CBB6ADC249870C2CD44210697CBCC31D99EA3B3F40AB3EBA0B6613EFB0E7D66FD5E817540C0EF16F48E0DC6E210FD6E9AE7114D763FBC541F5B3A9E1F4482AE2749C38C8E29994D4C0F8331BB3156F464B626B391D9F45B7F89D91A1F02E65E0BC7C7C09A967C8B2F118AA4BF18563176A82148D559AEBA73CA9057D7D4DCA7F99C3187FE837F135EFBD53DB7C92269DFE0A1B964A625BE42A59314FA9B9A691113A9FE209C92CD54F34AE5AD28FB5A2D7CF0BAF9B92861B257BDB0B7FC677C16235CDFEE852B8019048BB271F5303FDC3F38144278BE9C709A8BA258713793BA989A7C678D1AD712558DDBEB86C2D123952294E55790470FF5974DBCF7940ED939706518482E4CA58C6786738E48E9D1D36162420ED2CF7C1848557F1CED7B8172117C42E2B2211C95FC3972E58F18B05185FA93332BA5F08C2AD8436758CE93CB1D2A43F9FDD11B388D1B59701096738EBD5618B3DC3598605DCC5D4209AE460825185C061F45A56E03E903C5CB74059F4EE6FFAAB3BC995DFEFDB6C9F56A769DE3D9FFCD6C7FF6EF1DE30FDA0A6E72ED2498B5297213DEE57428807BF43B8FA1AAB793F2093F37C880658DAF6CA710EFF87261A1F9F02E4AA5EF3E99284271D9F290C93A041135C650D384271B848B8A8864611833D4542E1B2A8D195B6B903EE0C36985697E2E785618483654568167DED867992045CB0A3E8DCBD1B2828B70E4B6BAC70751A5725C2C5B4DDAE51C4291AA8D97A608CB34CC81821489C967C8394639F29A92C2441A1AA411F9E042617496144A48BD4FDD0FD5335AEB9FE9C2F60CD257A24F60F55997FBACC5C5E5F1995FE4A83CE1F7A283EE42C5982CB6FABBCD3784F6D618FD8C1D9E661026AB22D2B81EB36A51B9E033AA31F2DA1538CC618F2AD48CB278EE8B4426B08C7CCEE85C5B29864C9869418E181308978B0FB3A36E700CB7E2313443853CF996A698300328E41CE013D3C46B191D3AA4C864DD7EE4D3ED42B48430B7739DA98F1EF54767542E1E4818481FDAFB44FFF02566D0E01B035DB30CC2A0C1F82EC6D208DDE91A4B976962590CD2E37CF88A40F34FA073D11D035550077B4D39460B1AA176A337B67761BD23195BF386996FC489EF34C4C4A41125C44978D4F811A3868B505F8CFA097DB9C121A68C0331A55A72EA5DFD3DF7B0BAC92CF7E5057498328643E32B99913F42C88631A334687C4DE8E57D2B4119A68ABF30A5F6B1EECC00D1159CB5CE371950E105044F20FECDA5728C122A61ECB008BA4FF6DD848E16044174CF2AF624F92282B3C4D7463A683E54C0BBFCBBEABEA1D94EB6D111166664BAEF93B0E91315BAD6BFB988CFEB2E4908FF5825C9EC055914D72D182551DD2395986EBBD32782D9E0483298672A21E4B1FCB5B432008336FE820A5AED355B84ED96401274F74805AF75EEAD0EDCA08FDBA06E9626AC410F32A7BC247CEEA94A8AD151B45A56ADB03592EA677A392A0FD7EA9810FA90102AF4368C446F47770121145DDD3D547736136BC246100918A116441E6A05B5B1287A043111252439CC3395183652852065CC681482AAE57C13CB53916E5DC86436869779698126D471258C15179539EF5473F70A6B4E2842C690B02AFA24BD3D406C086538086365D969AEF344B87BE5068AFDD05BD4497A728CB80EEA180EC6EA2BA66BC947967DE51DE235C81FFCE2F5FB36ADAEBF9A5FE7B040EB0EE21863A630E256EEF49DCBF43E6BB7104289DA574433363C71AEF0B2FE342FD13D884AFC38824551473FFF1DC45BFCCABBE40EAE2ED3EB6DB9D996B8CA30B98BB9C84DD546C424BF0E4AC197F9F87A53FD2A4254011713553786D7E9DB2D8A57B4DC178A2B2A0D44B5C321B771555F96D5ADDCFA99227DC47AD00E88341FDD98DDC0641363B0E23A5D82AFD0A76C5F0AF81B5C83E8B9FD6E5B0FD2DF117CB31F9F23B0CE4152108C2E3FFE8939BC4A9E7EF93F34187C5DA2B20000, N'6.4.4')
INSERT [dbo].[__MigrationHistory] ([MigrationId], [ContextKey], [Model], [ProductVersion]) VALUES (N'202105241235187_AutomaticMigration', N'MaviOnline.Migrations.Configuration', 0x1F8B0800000000000400DD5D5B6FDCB8157E2FD0FF3098C722EBF16537D806F62E1C3B4E8DACE320E32CBA7D31680D3D26ACCB54D204368AFEB23EF427F52F9492288A77911C4A7202BF7828F13BE4E1C7C3ABCEF9DF7FFE7BFCEB5312CFBEC2BC40597A323FD8DB9FCF601A652B94AE4FE6DBF2FE879FE7BFFEF2E73F1DBF5B254FB3DFDBF78EAAF770CEB438993F94E5E6CD6251440F3001C55E82A23C2BB2FB722FCA920558658BC3FDFDBF2E0E0E161043CC31D66C76FC799B962881F50FFCF32C4B23B829B720BECA56302E483A7EB2AC51671F41028B0D88E0C9FC0A7C45D7698C52B8D7BCBCB74429BA9FCF4E630470719630C63F409A6625287161DF7C29E0B2CCB374BDDCE00410DF3C6F207EEF1EC405249578D3BD6E5B9FFDC3AA3E8B2E630B156D8B324B1C010F8E88821662762F35CFA902B10ADF615597CF55AD6B359ECC4F5709C2B8A2A43767715EBDA555F15E9DF1D5AC7BFC8A320213A7FA7B353BDBC6E536872729DC9639885FCD3E6DEF62147D80CF37D9234C4FD26D1CB3C5C305C4CFB8049CF429CF36302F9F3FC37BB6D068359F2DF8CC0B3137CD2B666CEA7699964787F3D9475C0C701743CA03460FCB32CBE17B98C21C9470F5099425CC71335EAE60AD49A90882C00F15748A22744A8562FEE1FE34C79A7BFA0DA6EBF201F734DC812ED0135CB509A41C5F704EACF39379996F619FA825BACFE1D042FE80E5233209719671BCE8386964EA19C8510C731FAE92AC13B1B592EE43D636DF585CADE419697A64C720A988FD6297D9339848327C40B989D047017A4D25E80AA0D820E7A710BDB3AE508F19380C21E87C9B6F9356C8DB2C8B2148FBD5FF11F7BE754D55D174E1C4E26F20878FB02CE6B3CF30AEDF2A1ED0A619C3F7D8376EA925B8C8B3E473160B08EDF3DB1B90AF61898B99195E5A66DB3CF2B5492CA28F6162F34F649DEA22F898279A712CFB849B133DB4E2CE31C40D9E353A77FAD3554D096399CD0817E81950887318A104E09EFD29C7FF9189F3CFF3D9320215A03BFA4DB6894172B32D413E988C2FF9D66216D46F6B76C5F884499EA53076C6D15A126A1A42D990D63C186D486B686C4BD9D65B59CCF6E1AD6015BB82AADF90CC9DE63595C13315B6228BB2A0D5037D21E5A7520115AFEC648D3BB5BA5BE236EF445698ED09AE86D8BE1785B3C5ADCC10F3453B4981A68876C2DE6779014DD3B5C320F3B573B8017989791ACE0052486597A54F6FDB9A727D56F158EAB4AA775C4D4AFF7CCFDB088AF6BAC7567AD91946C7EE8686669EC8D2709C7335350E840D676BA8D0E18D4DE0750DD3C9C2744691DDA60EEB45ED66B0776775956F2242B79359572EDB4D82C3D1B892373C83AF40FE0886168235F1C828EEE0B5FB2A2C46C5B0EBA8DADE0F2BC2CF5A286831D274E303E6ED3AF358B6690D5C8BA8B46FEDC3DBAA8A9C69E39F48530CE171F8D985F3CA45B4BB86C58D97D9EDF4E86E7ADBBC1399DF56FCE5B9BB0966F38E762243640E608A8D4B683513ADFB88C8404D17F29CCF96E0D96F2E8B334E368FC5B27D4847338EC5383C4AA4C32F5D2B2977285E9B4EE70EF7F7DD4559D3E802E086061FF0609AF89089C93E11A59812F84C2885EC63D1EB34428F31484C93BE038F66574C2DD123B329EDB7E3FB16E5281978037DD0ADF3A691C3CDA01ABC18A8B7ACE9D35B865CDC30A17E439A52695EDB69BB9529BA6F6FC79927EDEBFEDD7CCC1EDE485CC21C7DCC82DEBDD08A4239308A7A1D405498E33C4C98353A0728878569E47B1D64D90B3AB3A53AC20FA11458C42879878931F47CA191741A83E125D5279AE12C728F2D6D6D6448732ACEBE7BACAE97397D8F567EB79BEA8C1399D15AF6A58715A519BFBB695218BB167216E3B00D91AF33EFD560977BB2AD88B6003EE33A9FFB05D1F228102D1FD1E643B6DA9A3A40882944770AAF95F363880A9D62CA9886FC20427C3AB35B77ABDBC5BBBBD5B9A7EC6E7501BCBB1BCD3DDE1DB2917AC188FD1A33F41F20E9E671A169FA07D8A01844E0D187A534F34424A5F27D38CA651E8BA26F019E983F0E3E4DF138BCD231E6B428B208D595571CC1D0AB767C71DEA5AB99CDBDBB460BE2FD3DAC104C18B4A9C680F2F964FE17A9BA3DF87483A4C3A7570279E883B9C8B2EBF41CC6B084B3D3A8F9A8E70C141158C92AC7FA5AF129989830AF7800E233BC34C154476929B318A511DA80D8A202425E651F507F8050958F4A129F9CC30D4C2BC25AB4D16E45A09204D5F569EA78C1D0CECC46D5450B1D598CB72E3AAE30578006648BB9580A0A7773AFBEEEE1454483726C4860B87AE44446833202146304426A6EB7E91ABFEFAA5B7FFB0FC4CABE8BC8BEB6DB8B9C662DD910437F09D7899E66ADEC5E9011082A1C4BEBDA5F7746DDB57B77B1611442EA2E9674056A2EB80D4240B5366CDA5B7F87C28978EADABB146032C2296EE4E8DAD8743DC7DCCE0391CEF4A5C3A81650AF191B0EA8EF513A1150AF89DD0A300201354703BA36EF3B27E8DA9D39251D858D7D07C262C9C87D8D410869D6920D2774C7B44EB434AB64D762042767B3C8C6794A9C03E6ED0A0AFF864FAAAF4CBF14906CC31464E92F72A3C25BC2927E0199A0EAAE59B798278420BE20A485349F9DACFE54007405DD03215CBD9470785BD903C65C9E9780BAF9700F085D13A85098C55E0F0CB9C5272134A3514FE67610560174F3A8DE8A94E0595D89FA58A7273B7F2E2A817026C30A0AF73A3D506D157B60EA83421504392FED556A7BAAA3566B77E06503546F1F6B81C8567E0F10DD5454E1307BAD020C632CD41DA9FBA49579D5F4E9AB68C92C77E4687DA47E2CD946CB3D3806B1332EE290C7D7DF4237CACF6B64D5F46E0E596F0F31D560CD89412BA65D1D068D29FFCE5AD17D58272BC66693C2659BC2A6422EBB0BB63CF45092782B5B568E69816CB344660ACF987D8332342B5B06879475E7CAAB3E8E9015D0B760B35DB2F555C076A535201B74B78664A5D82C225C96114CA5D8D1D4A0A19ED9BF04D8D6C55A49ED19109D9ED267C78BC63F1B49385E681CB91D5F81CD06A56BC6B11B49992D1BAF6E673F2CDD3D9D250DC622E2F42D4EA6A9A432CBC11A0A4FAB59F60A5EA0BC28CF4109EE40750276B64A14AF359371CD48DF4AE1E6DB72A3B5637FFB7AF57FFB159FC1E99A62C542102E709D926ADD531F41328DADC937AB7CEA556CD1B9493BCBE26D920A8922FDF4389CF733168B7B608F477C1BB14824C91E837830633148928C71BC10142B2DFEA4469416EA3C25AC084327412128A399ED5990469B53A7DAF6908FD5ADEEE0CF8C22F2A54D7343212E23442092EC88D5F80993B09A6437ACC6159808D5A43A964AEE104CB23D16B90CC0E290A417D329FAE61AEE3D83DB6570EF1EE6EC5A130688D72CCE88B589F62D462EA6B12824C91EA37185C5DB7879C3C58440BEE461214892434D5887575C7DD807F678ED36320BA5DB5AD6A384B165EC411E8B643AE09BAC8799D6BFEEBD8B6EBDB9F72C7DD6B07AEE4313472136DD1D4D311A098FDC315BC7012AD0F699C328C05E8CE0C602D38D89C9F8CA6CB284206CB7CBEBCE5843DED0CAEEC51359CB3DF8AEA604BABD17F7B6AFF7E7DD9B5D9D6DD881A9752323A2B8B52E7113C382902487D558ED05869BC7D4290E1390CE0B0C370BE9921D4AC3F87B91E656CE682EEC37B594CA40B3E90E6B69E68A06B794365CDD98AC67767B9A217A273DFC72EFA1FAAC7D7AAEEEE2A8F4ACBAA3D38F266D8030E92FA6D5C8315998C1B43A53F3194895F9F4831EF1E5C10F784ACF20269CD645070BD3A6B9A110171C2210497E314DDDB33FEDDEE0ECC9B07BB31B736B179FBCBF0D6E116AF2E461C2EC3EDBE106249AEA30C2126F19DC104BD2EC51587F192C129BEEB0D4562CB25D97D7DD551859E12F6A0C624E4CC211BCBAB1E04B6F65DE706A3623B5DE2364B4F68933227112A140244FC6DDCDE23D41B050FC139729A53C9974EC708C3B07AE724CBA2B5AE3B241466BD25DF7DD545B6E2FA81393DB3F213A70735FC8BDF36AF2E9D44A1D1BB07AD5B84930E1841B8942742E979163B2354777D32BCCAA83DE0DF35977E833EBD70AAC03027EB5A0776C301687E877D33C8F68B2FBE6A57ADBD271FF20126C3D491AA6774CC96C72F53018B39BCB8A9ECCD66436329B7EEB2F315BE343C0DC6AE1F818D8D2926FF1254291F417C32AE61E6A0852753757DD3965C8AB5335F7693E779943FFC1BF09AFFDEA9E5B6491B46F70D35CBAA625BE42A59314FA9B5ED32257A4FA83704A77A69A572A6F45D9D76AE283E7CDCF450993BDEA85BDE53FE3B318E1FA762F5C01CC2058948DAB87F9E1FEC1A110C2F3E584D35C14C58A3B99D4C5D4E41B6BD4B896A8526EAF1B0A478F548A50965F411E3DD45F36F161263B64E7C0956120B93095329E19CE3922A5474B87890939483BF3612055ED71B4EF05CA45F00989CB867054F2E7C8953F62C04615EA4FCEAC94C233AA600F9D61394F2E77A80CE5F7477FC169DCC88283B09C73ECB5C298E5AEC104EB62EE124A70354228C1E032F8282AB50EA40F142FD3157C3A99FFABCEF26676F9F7DB26D7ABD9758E47FF37B3FDD9BF778C3F682BB8C9B59360F64E919BF02EA74301DCA3DF797455FD3D299FF073837458F6F295ED10E21D5F2E2C341FDE4569F4DD071345282E5B1E32598720A2E632D434E1C906E1A222225918C60C3594CB1795C68CAD35481BF0E1B4C2A89F0B9E1506920D9555E09137F6992648D1B2820FE372B4ACE0221CB9AD6EF1414CA91C17CBD69276398730A4EACB4B5384651A6643418AC4E4D3E51CA31C790D4961220D0DA2443EB850189B25851252AF53F743B58CF6F6CF74617B06692BD127B07AAFCB7DD4E2E2F2F88C2F72549EF06BD14157A1624C165BFBDDE61BC27A6B2EFD8C1D9E661026AB22D2B86EB36A51B9E033AA3EF2DA1538CC668F2AD48CB278EE934426B08CBCCFE85C5B29864C9861418E181308978B0FB3A36D700CB7E2D13543853CF9968698301D28E418E013D3C46B1A1D3AA4C864CD7EE4D3EC42B404259D9CED7C77D5478FFAA37361B9782061207D68EF13FDC3979841836F0C74CC32088306E3BB184B2374A36B6EBA4C13CB629016E7C357041A7F02ED8BEE18A8823AD86BCA315AD008B51BBDB1BD0BEB1DC9D85E6F98F9469CF84E434C4C1A51421C84478D1F316AB808F5C1A89FD0971B1C62CA3810539A25A7D6D59F730F6B9BCC725F5E408729633834BE9219F923846C18334A83C6D7845EDEB7129461AAF80B535A1FEBC60C105DC1D9EA7C9301155E40F004E2DF5C2AC728A112C60E8BA0FB64DF4DE868411044F7AC624B922F22B89BF8DA4807CD870A78957F579D3734CBC9363AC2C28C4CD77D12367DA242D7FA3717F179DB2509E11FAB2499BD208BE2BA09A324AA7BA412D32D77FA44300B1C4906F34C25843C96BF96560660D0C65F5041ABBD668BB0DD144882EE1EA9E0B5CEBDD5811BF4711BD46A69C21AF42073C64BC2E79EAAA4181D45AB65D5065B23A97EA697A3F270AD8E09A10F09A1426FC348F43674171042D1D4DD43756333B1266C049180116A41E4A156501B8BA2471013514292C33C53896123550852C68C4621985ACE37B13C14E9E6854C66637899971668421D57C25871D198F34E3577AFB0668722640C09ABA24FD2DA03C4865086833056961DE63A4F84BB576EA0D80FBD459DA425C788EBA08EE160ACBE62B8967C64D957DE215E83FCC12F9EBF6FD3EAF8ABF9750E0BB4EE208E31660A236EE64EDFB94CEFB376092194A87D45BCC68607CE159ED69FE625BA0751891F47B028EAE8E7BF83788B5F7997DCC1D5657ABD2D37DB12571926773117B9A95A8898E4D74129F8321F5F6FAA5F45882AE062A2EAC4F03A7DBB45F18A96FB427144A581A85638E434AE6ACBB23A955B3F53A48FD80EDA0111F5D185D90D4C3631062BAED325F80A7DCAF6A580BFC135889EDBEFB6F520FD0DC1ABFDF81C81750E92826074F9F14FCCE155F2F4CBFF0125C1402BA2B20000, N'6.4.4')
INSERT [dbo].[__MigrationHistory] ([MigrationId], [ContextKey], [Model], [ProductVersion]) VALUES (N'202105310939504_AutomaticMigration', N'MaviOnline.Migrations.Configuration', 0x1F8B0800000000000400DD5DDD6EDCB815BE2FD07718CC65917AFCB31B6C037B178E1DA746D671907116DDDE18B4861EB3D6CF54D204368A3E592FFA487D85521249F15F2287929C203731297E873C3C3CE421CF9CF3BFFFFCF7F897A7249E7D857981B2F4647EB0B73F9FC134CA56285D9FCCB7E5FD9F7F9AFFF2F31FFF70FC6E953CCD7EA3DF1D55DFE1966971327F28CBCD9BC5A2881E60028ABD0445795664F7E55E94250BB0CA1687FBFB7F591C1C2C20869863ACD9ECF8F3362D5102EB3FF09F67591AC14DB905F155B6827141CA71CDB2469D7D04092C36208227F32BF0155DA7314AE15EF3F1DE12A5E87E3E3B8D11C0DD59C218FF01D2342B41893BFBE64B0197659EA5EBE5061780F8E67903F177F7202E2019C49BF6F3BEE3D93FACC6B3681B52A8685B9459E20878704418B4909B7BB179CE188859F80EB3BA7CAE465DB3F1647EBA4A10C69529BD398BF3EA2B238BF7EA86AF666DF52B26115870AA7FAF6667DBB8DCE6F02485DB3207F1ABD9A7ED5D8CA20FF0F9267B84E949BA8D63BE7BB883B84E28C0459FF26C03F3F2F933BCE73B8D56F3D9426CBC905BB3B672C3666C97697974389F7DC4DD0077316472C0F1615966397C0F53988312AE3E81B284399EC6CB15AC39A9744122F8A1824E51844E19512C7F783DCD31E79E7E85E9BA7CC02B0D2FA00BF40457B480F4E30B6E89797E322FF32DEC22B544F7391C9AC8EFB07C443622CE348E17AD4C5A25F50CE42886B98FAC92A613496B45DD475869BBB164B5A26715D3A37E12A474B19BEC327B061351860F28B709F45180555311BA0228B6D0F931C4EAAC07D4A1060E43103ADFE6DB8412799B6531046937FB3FE2D5B7AE4555565DB8B0F82BC8E1232C8BF9EC338CEBAF8A07B469F6F03DFE8B5BA6092EF22CF99CC51202ADBFBD01F91A96B89B99E5A365B6CD235F9DC423FA2826BEFD44DAA9EE828F7A620DC7D24F783AD10325778E216EF0A9D179D19FAE6A91B0F6D98E70819E01833887114A005ED99F72FC3F7270FE693E5B46A0027447BFC93631486EB625C807A3F125DFF6380575EB9A5D313E6121CF52183BE3183509530DA17408550F561D42154DDF5ED2716BBB492B6F25ADD87654FF85A2EE0C9FE9149EADB395B0683B5A55983BA9D62A1DD47CB293366ED9EAAE8969DB89B430BF125C1571FF55144E17539A21CE8BFD28053A22F623F63ECB0B683BAE1D0639AF9DC30DC84B2CA7E1142083D42E59567B4B472AAC594DB5B26875DFB8AA94EEF39EB71294F57587AEF4D2331C8FDD150D6B3C91A61164CE55D538086C385DC3880EAF6C02DB35DC220BB31865E9B62D582FD16E367B77A9AEDA4D24D0F430EB2ACBFD0EC1E1C4B8A237BC045F81FC110C4D0473E29163DCC16B772B2C46C5B07654ADEF8725E1A72D346231D271E30396DB75E661B619151C45D4EA375A795B0D51506D628D72C490AAC39F2E9C2D1759EF5A8C1B2FB5DBF2D15DF5D2B613A95F4AFEF2DC5D05F36D477B9121340750C556135A2F89BDD7882C818625E4799E2DC1B3DF5916379CEC1C8B69FB081D6B3896C4E15D221DDE74ADA8DCA1786D7B9D3BDCDF7727D55B8C2E009E68F0016FA6898F3071CD271229AE073E074AA9F958E2751AA1C71824B643DF81C7B46B8E96E891BB94F6BBF17D8B72940C7C813EE8D57933C9E14E500D5E0CF457D6ACF696132E619BD07FA11CA90C9FED74DDCA75DD77B5E3C693AE75FF653EE60A6F282E618E3E66417D2F8CA4500EACA45E072015E6390F0BCC1A9D0394C3C2B6F3BD0E62F682566DE99EF043300516314ADE61C118FABCD0503A8DC1F094EA17CD701AB94397521D19529DCAA7EF0EADEBA54EDFA3959F7753DD7022355AD3BEF4D0A2ACE177774C0AA3D7429E621CAE21F275E66D0DB6AD27BB8AA01DF0D9D7C5D62F482C8F0289E523DA7CC8565BDB02087184685FE18D747E0831A0532C32B62D3F08119FC5ECB6DCEA79F15E6E75EB29975BDD01EFE5C65A8FE74336D22A18715D6309FD3B48DA735C6831BD8205F887A79947DB4E24A235799F4B42D6702CC17C9FA5F84064D768411E81BAD4669897A62CB5ADB020345084F9F568A1E275DB39F216F03BD8A01844E0D16771B1C613AD2E46DF47FF0B8DC75A656F01367A6D3213C604F078183649CC69516411AA07AF79DE646EAC6277DEA5AB591F9FD6860BB26F2C66081618B4A91445F97C32FF9332DC0E7C76F9D8E233775B11FA602E4BD9757A0E6358C2D969D4FC60EE0C141158A92CC7FC5A89255830615EC90188CFB0D98F451DA5A52AC5288DD006C43D0620B5D5AE01FD8F7BAAFE314A72CD39DCC0B412D81E73B45B17182589755D9C3A5E70626797469D13934958AC1E4DADAC70EE75034A8BBD5B1A116EED9AAEE5E1258816E6F411028B5B9F93305A9811A01B2308A4C173D434F95D6EA4DDF33F90547639F9FBEA6E2FE1B473A98F60981DDC9DC4D3CE95DD3B3282804A2E1FA6F937F97FB4F3DE3A0D8D229026A7ADB6438DF3E82002A8E7469FF936FB2739099E7EF42E1D984CE034DE6EA639B6B9BED9E77920A1B3FD8A68540D68E64C1F19D0FB283B09A09913BB75600401343CBB99E6BCEB0DAE9D77CE03611469EC72B6907B467CA10611483B97FAC884C905C2492CED2CD9B51BC185B331B2719B12B78039B5A0F0DFF049F70BEE2F0524D7300531FD65D9A8F096B064BF2E4E50E5C7D91AF34420489C15C590169B13EB4F07C02CE80E08C9AD59C11175650718F7C31405A83D0F7780309B4087C2197B1D30C44356416876A38EC67413D601B4E7A8CE8194E0593F88FAC9B4A3B9E873A080082AA317145E7566A05A2B76C0D48FF03A08E28BD0C954FA62AA676BFB98DC07A87E9A31029167B20E20FADCA083699F313A40D8CDA40E85BBB09560388DA35F8DED6FCEB94F6DBF4D97D561CF6B3D361E4519280AB6E7451E87D86A2879DF14C7DF8337DADFBFA9ACE9BC61EA7DC7C40D83D74916AED8AE863834AEFF3B73C5F4CB5795317D6E3A5CEE3AFA0CC8E58AA2AF1C7A3049FED984CA1C9B95DDC7CEE63ACFED1D166618CC630E87F475E7C1EB7EBDA432A0CBEAEB6BF7750DA0AFB936A03498DCFA54A6F4B1445C6C116E50FC966CE1508709A100D2B1F466127D4862675C5677BC6802289282E38521D2E2F115D86C50BAE6222F9292D9B209BB78F6E7A57B28C2A4C1584402BFE51339A35466395843A9B63AAAAFE005CA8BF21C94E00E54CF6867AB44F35973A237ECF4948A706857278DEEFDF4F3EAFFF467B696A8881AB387205CE0312595F154BF6372936D6837AB825E56D2628A637896C5DB24950A65F133E308E109792CA1A23F1E093EC62391A2FE1824C4208F418A548CE385C458C582542651B1F64591E82530EC101442640CA7BD1E42636C69622D7D29E4796B7A3DB4A3C8F242CBDC50484C171988143B623581FC14ACA6D80DAB89D5274335A58EBD52170457DC1F8B7814F038A4E8C52C8AAEB386FBCA10AE2ADC9787BDB951850112D64E5062B4B0FF8C11B7211E8514F5C76862D5893A5EBDB5B121909FDAF110A4C861247C443A613C7C457F3C7A17CD4399EEA7CD28617419FF1AC823D95E09275B6136FBD77D75B1FB3BF795656E1A96CF5D68F22EC497BBA3697623A9CA1D9346F6D081D23A875D80F7AE10F6029BDBC564F2CA5DB28410D8F6AAD85D622D6D4333BB134F965AA1E2BB3A1298EE5EDCE7BEBEE4779F767DB36137261AE74946719B5D12C7890721450ED6581DA64938C7D4250E0790364C93700A698B1D7AC3056452CE56CE682ED26F9B299D82E6CB1D6C69CECF4330A52DFE1F93ADCCF64E33C4EA642F68EE2BD4DCB48BCF95438F8ECF3A479F6E34E502842B7F31B346DEDAC26CA6D5C39CCF46AA6D67DEF448B01D71C3D386EEB1E1D0183A3C0C2D7343213172642052FC62A6BAE37EDA7DC2F9E765F769B7B6361A9F62401CC108B585DAB161B6BFAB13362456EAB0C3927036C2164BCAFAA3F0016D7824BEDCC1D4D618D9AEE675EB4FA332FC45ED41DC8B493801AF1EF87DC55BDB361C9BED4834BC8B8A466B9C114914170D22A919F7364B0CD5C24389352E474AF530E9B8E0B8782BC2E0B87257B426A68A8AD694BBDEBBE9AEDC5ED022262E44211670E374E4BE780DED4C6C65914778BE1AE298D870C2ED44211697CBCE3199CDD1BA8B85B13A9883998FDD616E6CB615F80821A2B5608E3C32960CB1C006A21CB162F7CB4BFDB5A5E3FD4124E97A5234CCEA9852B289FF6230C96E3C1E3D25DBD0D82AD92C188722D986201FF6590B278F81352D0996A10814297F3152D53AB3869029E6FEEA2E51E6A646DB8A86CF108C2B7D300E1B0E171543D8ADDBE271755113D742581F75497F041AB582C7A065DF954EE4BCA843886FEB77ED2EBF96B626060BD12904572473CC0B1B1E0D3C215C1190B26FF0C9477132943F61D44909FB9B39191207BFEE1CCF8AC75FF349150C2FFB5A1DDBB1D5F75C9430D9AB3ED85BFE333E8B111E6FFBC115C012048BB28976323FDC3F38943244BF9C6CCD8BA25809EFEAA694CDE2648D9A361955CCED8CC4E218F0509329F92BC8A387FAC77D6216E316D9392F721848210BB28A6787734E78EC31D361520E0F32CF629661DD7C1CED7B810A09E242E2F21982B5F273E42A3F723E601DEA8FCE52A964FFD5C11E3AC30AC18CEE50192AF495D93D6FDCC4B58348B910346C8531CB5D73D5D6DDDC2553ED6A844CB5C1698849BA6A1E28BFD1BDC4C6C0D3C9FC5F759337B3CBBFDD36AD5ECDAE73BCFBBF99EDCFFEBD637ADBBE849B563B11E63DE2DC88B72D1D3AE09E5CD563A99ABDFC7CB29B0EB26079D7C1BE5B8877FAD2B0D062F630ADD277DF4C34991EFBCA21D774084134B8F24D93FD721059D424BC0C2331436DE5AA9BDD98A91B079903315B6318F60BB919C340F299180BBCF3C63EC704251963F06D5C4DC6189C84A36CEB677C1055AAA65DECAB49DB96432852BDEBDD1459FF86B9505012FDF92C39C7247A5E5B52984476833051CC5D1746672999EAF476EA7EA89931FAAE4D97156E90B99243CEEBEFBADC772D21ED9BCFFEA2267D0B6F8B0E6A85CA29BFFAEA6FDA6E08ED6D70591B3BFBD92092AC4B78E67ACD6A4415729BE9D6C86B57E030973DBA4C66DAEEB91F12B9BC65EA3DA3F36895146561B605352159205C21FDD88EBAC1319B97C7D20C9551EB5BDA62C22CA0907B804FCA2CAF6374E88C55934DFB91CFB44BC978B4E2E4ACE75B473533EA0FCE9D15F2A68481F4117B9FE452BE821934B7D340CF2C8348D060F22EA76A0A3DE97A4FAD7173250D32D14A7AA4304FA69D8BDAE3B6874B7D1406514C74E4672C77289FFAEA30B4301ADCAEA6C92D3488548AE984021D86025DD2EF983888C52A6DFA315A121F7D44D2B1A3BD9B6372F5F5B599F96600FA4E53FE4C9AE1473E118E9ACF67D4F43DFA577A3FA22F3759CF947979A6544B4EB36B76BA185637D9E9BEBC043B53E6D46962D773F44748A13366D61C43D81E33BD6F2549CE54F970A6D43EBD273340B61B67ADF34D26B87901C96C48BE09A51FA3A4AE193B4D8D29FA891BD1D192D2C891AEE599243FCF61CEC2758699D61A1433CF34BF9A3999AFEEAAC7AFC69CA4D96A16766466F729D8AC46876E4C1521E38BBA4B212256EB28D903CACBE4DA03A342AAADD29169CD9D2E129C81A3D0E0EA744448B51A78429B10C7980F4707AD4F4020C3B6472005BAADD2C11BF324E813E998F3E8E8D9D2A499E940169497822FD4EAA85863EEEB69D50ADB40A9AE33D3D1250BD0E7E831A7E8D1A1D3B43E9D13DD26E8D14C755BA99F6C2EF74F1F4224818F9E10A93412A2B9813A08B5297E14326D958E089737A8830497FF47A1C1D5E988F07985242A63E60E92B4B910495EDDED4C474FAEB135A3D84B4B0BA4CF02641DB8BC5F882190771FB0E1122464C69F5E5D9F64B607C8E4A34DDE631D2CBF93B67163771FDC40997A3ABB3AC94C8E9185479F71C73A7CCD89408968D87FF00ED975D41FB86313619B562F6CCD5FE7B040EB16E21863A630128C03F6CD657A9F512B45EA11FD4479952DC10A5B0EA77989EE4154E2EA0816054AD7F3D96F20DEE24FDE25777075995E6FCBCDB6C44386C95D2C24EBAB6C1D1BFD3A8590D8E7E3EB4DF557116208B89BA87A94BC4EDF6E51BC62FDBED0BC8219202A238A3CF8557359560F7FEB6786F411EBC17E40847DCCF6BB81C926C660C575BA045FA14FDFBE14F057B806D1338D536006E99E0891EDC7E708AC73901404A36D8FFFC432BC4A9E7EFE3FB0FBAD0FF1BB0000, N'6.4.4')
GO
SET IDENTITY_INSERT [dbo].[Admins] ON 

INSERT [dbo].[Admins] ([Adminid], [KullaniciAd], [Sifre], [Yetki]) VALUES (1, N'admin', N'1', N'1')
SET IDENTITY_INSERT [dbo].[Admins] OFF
GO
SET IDENTITY_INSERT [dbo].[Carilers] ON 

INSERT [dbo].[Carilers] ([Cariid], [CariAd], [CariSoyad], [CariSehir], [CariMail], [Durum], [CariSifre]) VALUES (1, N'Aye', N'Kaya', N'Ankara', N'ayse@gmail.com', 1, N'123456')
INSERT [dbo].[Carilers] ([Cariid], [CariAd], [CariSoyad], [CariSehir], [CariMail], [Durum], [CariSifre]) VALUES (2, N'Salih', N'Beyaz', N'Trabzon', N'deneme', 1, NULL)
INSERT [dbo].[Carilers] ([Cariid], [CariAd], [CariSoyad], [CariSehir], [CariMail], [Durum], [CariSifre]) VALUES (3, N'Bar', N'Sar', N'Ankara', N'deneme', 1, NULL)
INSERT [dbo].[Carilers] ([Cariid], [CariAd], [CariSoyad], [CariSehir], [CariMail], [Durum], [CariSifre]) VALUES (4, N'Zeynep', N'Yldz', N'stanbul', N'deneme', 1, NULL)
INSERT [dbo].[Carilers] ([Cariid], [CariAd], [CariSoyad], [CariSehir], [CariMail], [Durum], [CariSifre]) VALUES (5, N'Eyll', N'Ayta', N'Malatya', N'deneme', 1, NULL)
INSERT [dbo].[Carilers] ([Cariid], [CariAd], [CariSoyad], [CariSehir], [CariMail], [Durum], [CariSifre]) VALUES (6, N'Mehmet', N'Sarolu', N'Ankara', N'deneme', 1, NULL)
INSERT [dbo].[Carilers] ([Cariid], [CariAd], [CariSoyad], [CariSehir], [CariMail], [Durum], [CariSifre]) VALUES (7, N'Tark', N'Yldz', N'Adana', N'deneme', 1, NULL)
INSERT [dbo].[Carilers] ([Cariid], [CariAd], [CariSoyad], [CariSehir], [CariMail], [Durum], [CariSifre]) VALUES (8, N'Recep', N'Erdoan', N'stanbul', N'deneme@gmail.com', 0, N'123456')
SET IDENTITY_INSERT [dbo].[Carilers] OFF
GO
SET IDENTITY_INSERT [dbo].[Departmen] ON 

INSERT [dbo].[Departmen] ([Departmanid], [DepartmanAd], [Durum]) VALUES (1, N'Sat Temsilcisi', 1)
INSERT [dbo].[Departmen] ([Departmanid], [DepartmanAd], [Durum]) VALUES (2, N'Muhasebe', 1)
INSERT [dbo].[Departmen] ([Departmanid], [DepartmanAd], [Durum]) VALUES (3, N'Satn Alma', 1)
INSERT [dbo].[Departmen] ([Departmanid], [DepartmanAd], [Durum]) VALUES (4, N'Mdr', 1)
SET IDENTITY_INSERT [dbo].[Departmen] OFF
GO
SET IDENTITY_INSERT [dbo].[Detays] ON 

INSERT [dbo].[Detays] ([DetayID], [urunad], [urunbilgi]) VALUES (1, N'Buzdolab', N'Buzdolab; buhar sktrma yntemiyle alan, gdalarn souk tutularak uzun zaman muhafaza edilmesini salayan soutma makinesidir.

Soutmann amac kapal bir mahlde, evre scaklnn altnda scaklklar elde etmek ve bu dk scakl srekli olarak muhafaza etmektir. Ancak s scaktan soua kendiliinden akarken, tersine ak kendi kendine olmaz. ki sistem arasndaki dengeyi bozabilmek iin enerji gereklidir. Gnmzde bu i soutucu makineler tarafndan gerekletirilir. Soutucu makineler alma prensiplerine ve altklar scaklk aralna gre snflandrlrlar. Buzdolaplar ise soutucu makinelerin evlerde kullanlan tipidir')
SET IDENTITY_INSERT [dbo].[Detays] OFF
GO
SET IDENTITY_INSERT [dbo].[FaturaKalems] ON 

INSERT [dbo].[FaturaKalems] ([FaturaKalemid], [Aciklama], [Miktar], [BirimFiyat], [Tutar], [Faturaid]) VALUES (1, N'Buzdolab', 1, CAST(2700.00 AS Decimal(18, 2)), CAST(2700.00 AS Decimal(18, 2)), 1)
INSERT [dbo].[FaturaKalems] ([FaturaKalemid], [Aciklama], [Miktar], [BirimFiyat], [Tutar], [Faturaid]) VALUES (2, N'Frn', 1, CAST(375.00 AS Decimal(18, 2)), CAST(375.00 AS Decimal(18, 2)), 1)
INSERT [dbo].[FaturaKalems] ([FaturaKalemid], [Aciklama], [Miktar], [BirimFiyat], [Tutar], [Faturaid]) VALUES (3, N'Su Istcs', 3, CAST(40.00 AS Decimal(18, 2)), CAST(120.00 AS Decimal(18, 2)), 1)
INSERT [dbo].[FaturaKalems] ([FaturaKalemid], [Aciklama], [Miktar], [BirimFiyat], [Tutar], [Faturaid]) VALUES (4, N'Su Istcs', 2, CAST(40.00 AS Decimal(18, 2)), CAST(80.00 AS Decimal(18, 2)), 2)
INSERT [dbo].[FaturaKalems] ([FaturaKalemid], [Aciklama], [Miktar], [BirimFiyat], [Tutar], [Faturaid]) VALUES (5, N'Kahve Makinesi', 1, CAST(130.00 AS Decimal(18, 2)), CAST(130.00 AS Decimal(18, 2)), 3)
INSERT [dbo].[FaturaKalems] ([FaturaKalemid], [Aciklama], [Miktar], [BirimFiyat], [Tutar], [Faturaid]) VALUES (6, N'Su Istcs', 2, CAST(40.00 AS Decimal(18, 2)), CAST(80.00 AS Decimal(18, 2)), 4)
INSERT [dbo].[FaturaKalems] ([FaturaKalemid], [Aciklama], [Miktar], [BirimFiyat], [Tutar], [Faturaid]) VALUES (7, N'Kahve Makinesi', 1, CAST(130.00 AS Decimal(18, 2)), CAST(130.00 AS Decimal(18, 2)), 4)
INSERT [dbo].[FaturaKalems] ([FaturaKalemid], [Aciklama], [Miktar], [BirimFiyat], [Tutar], [Faturaid]) VALUES (8, N'Led Tv', 1, CAST(2900.00 AS Decimal(18, 2)), CAST(2900.00 AS Decimal(18, 2)), 3)
INSERT [dbo].[FaturaKalems] ([FaturaKalemid], [Aciklama], [Miktar], [BirimFiyat], [Tutar], [Faturaid]) VALUES (9, N'Telefon', 1, CAST(850.00 AS Decimal(18, 2)), CAST(850.00 AS Decimal(18, 2)), 2)
INSERT [dbo].[FaturaKalems] ([FaturaKalemid], [Aciklama], [Miktar], [BirimFiyat], [Tutar], [Faturaid]) VALUES (10, N'Kahve Makinesi', 1, CAST(130.00 AS Decimal(18, 2)), CAST(130.00 AS Decimal(18, 2)), 2)
SET IDENTITY_INSERT [dbo].[FaturaKalems] OFF
GO
SET IDENTITY_INSERT [dbo].[Faturalars] ON 

INSERT [dbo].[Faturalars] ([Faturaid], [FaturaSeriNo], [FaturaSiraNo], [Tarih], [VergiDairesi], [Saat], [TeslimEden], [TeslimAlan], [Toplam]) VALUES (1, N'A', N'100000', CAST(N'2020-04-24T00:00:00.000' AS DateTime), N'Kadky', N'13:35', N'Mesut Yceda', N'Yunus nce', CAST(3195.00 AS Decimal(18, 2)))
INSERT [dbo].[Faturalars] ([Faturaid], [FaturaSeriNo], [FaturaSiraNo], [Tarih], [VergiDairesi], [Saat], [TeslimEden], [TeslimAlan], [Toplam]) VALUES (2, N'A', N'100101', CAST(N'2020-04-24T00:00:00.000' AS DateTime), N'Beikta', N'14:20', N'Mesut Yceda', N'Turgay Karahasan', CAST(1060.00 AS Decimal(18, 2)))
INSERT [dbo].[Faturalars] ([Faturaid], [FaturaSeriNo], [FaturaSiraNo], [Tarih], [VergiDairesi], [Saat], [TeslimEden], [TeslimAlan], [Toplam]) VALUES (3, N'A', N'100102', CAST(N'2020-04-24T00:00:00.000' AS DateTime), N'ili', N'15:40', N'Ali Kaya', N'Zehra ztrk', CAST(3030.00 AS Decimal(18, 2)))
INSERT [dbo].[Faturalars] ([Faturaid], [FaturaSeriNo], [FaturaSiraNo], [Tarih], [VergiDairesi], [Saat], [TeslimEden], [TeslimAlan], [Toplam]) VALUES (4, N'A', N'100103', CAST(N'2020-04-24T00:00:00.000' AS DateTime), N'ili', N'16:00', N'Ali Kaya', N'Aylin ztrk', CAST(210.00 AS Decimal(18, 2)))
SET IDENTITY_INSERT [dbo].[Faturalars] OFF
GO
SET IDENTITY_INSERT [dbo].[KargoDetays] ON 

INSERT [dbo].[KargoDetays] ([KargoDetayid], [Aciklama], [TakipKodu], [Personel], [Alici], [Tarih]) VALUES (4, N'1 Adet Buzdolab 1 Adet amar Makinas alnd.', N'ABC34598NK', N'Ali nar', N'Eyll Yldz', CAST(N'2020-10-10T00:00:00.000' AS DateTime))
INSERT [dbo].[KargoDetays] ([KargoDetayid], [Aciklama], [TakipKodu], [Personel], [Alici], [Tarih]) VALUES (5, N'Test', N'671A32C96D', N'Ercan Sarolu', N'Emel Sar', CAST(N'2021-05-24T00:00:00.000' AS DateTime))
INSERT [dbo].[KargoDetays] ([KargoDetayid], [Aciklama], [TakipKodu], [Personel], [Alici], [Tarih]) VALUES (6, N'1 Adet TV nitesi Kargolanacak', N'26V13U3E88Y', N'Aye Grsu', N'Bar Sar', CAST(N'2021-05-27T00:00:00.000' AS DateTime))
SET IDENTITY_INSERT [dbo].[KargoDetays] OFF
GO
SET IDENTITY_INSERT [dbo].[KargoTakips] ON 

INSERT [dbo].[KargoTakips] ([KargoTakipid], [TakipKodu], [Aciklama], [TarihZaman]) VALUES (1, N'ABC34598NK', N'Mteri Sat Tamamland.', CAST(N'2021-10-10T00:00:00.000' AS DateTime))
INSERT [dbo].[KargoTakips] ([KargoTakipid], [TakipKodu], [Aciklama], [TarihZaman]) VALUES (2, N'ABC34598NK', N'rn Kargoya Verildi.', CAST(N'2021-10-10T00:00:00.000' AS DateTime))
INSERT [dbo].[KargoTakips] ([KargoTakipid], [TakipKodu], [Aciklama], [TarihZaman]) VALUES (3, N'ABC34598NK', N'rn Ankaradan kt', CAST(N'2021-10-10T00:00:00.000' AS DateTime))
INSERT [dbo].[KargoTakips] ([KargoTakipid], [TakipKodu], [Aciklama], [TarihZaman]) VALUES (4, N'ABC34598NK', N'rn Adana ubeye Geldi.', CAST(N'2021-10-11T00:00:00.000' AS DateTime))
INSERT [dbo].[KargoTakips] ([KargoTakipid], [TakipKodu], [Aciklama], [TarihZaman]) VALUES (5, N'ABC34598NK', N'rn Datma kt.', CAST(N'2021-10-12T00:00:00.000' AS DateTime))
INSERT [dbo].[KargoTakips] ([KargoTakipid], [TakipKodu], [Aciklama], [TarihZaman]) VALUES (6, N'ABC34598NK', N'rn Tepit Edildi.', CAST(N'2021-10-12T00:00:00.000' AS DateTime))
INSERT [dbo].[KargoTakips] ([KargoTakipid], [TakipKodu], [Aciklama], [TarihZaman]) VALUES (7, N'671A32C96D', N'Mteri demeyi Yapt.', CAST(N'2021-10-24T00:00:00.000' AS DateTime))
INSERT [dbo].[KargoTakips] ([KargoTakipid], [TakipKodu], [Aciklama], [TarihZaman]) VALUES (8, N'671A32C96D', N'rn Hazrland.', CAST(N'2021-10-24T00:00:00.000' AS DateTime))
INSERT [dbo].[KargoTakips] ([KargoTakipid], [TakipKodu], [Aciklama], [TarihZaman]) VALUES (9, N'671A32C96D', N'Kargoya Tesim Edildi.', CAST(N'2021-10-25T00:00:00.000' AS DateTime))
SET IDENTITY_INSERT [dbo].[KargoTakips] OFF
GO
SET IDENTITY_INSERT [dbo].[Kategoris] ON 

INSERT [dbo].[Kategoris] ([KategoriID], [KategoriAd]) VALUES (1, N'Beyaz Eya')
INSERT [dbo].[Kategoris] ([KategoriID], [KategoriAd]) VALUES (2, N'Kk Ev Aleti')
INSERT [dbo].[Kategoris] ([KategoriID], [KategoriAd]) VALUES (3, N'Bilgisayar')
INSERT [dbo].[Kategoris] ([KategoriID], [KategoriAd]) VALUES (4, N'Mobilya')
INSERT [dbo].[Kategoris] ([KategoriID], [KategoriAd]) VALUES (5, N'Televizyon')
INSERT [dbo].[Kategoris] ([KategoriID], [KategoriAd]) VALUES (6, N'Telefon')
INSERT [dbo].[Kategoris] ([KategoriID], [KategoriAd]) VALUES (7, N'G Kayna')
SET IDENTITY_INSERT [dbo].[Kategoris] OFF
GO
SET IDENTITY_INSERT [dbo].[Mesajlars] ON 

INSERT [dbo].[Mesajlars] ([MesajID], [Gonderici], [Alici], [Konu], [icerik], [Tarih]) VALUES (1, N'Zeynep Yldz', N'Bar Sar', N'Teekkr ', N'Merhba bAr tavsiye ettiin lapotpu ok beendim.', CAST(N'2020-12-09T00:00:00' AS SmallDateTime))
INSERT [dbo].[Mesajlars] ([MesajID], [Gonderici], [Alici], [Konu], [icerik], [Tarih]) VALUES (2, N'Mehmet Yceda', N'Bar Sar', N'Tavsiye', N'Su stcy aldnm', CAST(N'2020-12-09T00:00:00' AS SmallDateTime))
INSERT [dbo].[Mesajlars] ([MesajID], [Gonderici], [Alici], [Konu], [icerik], [Tarih]) VALUES (3, N'Buse Yldrm', N'Bar Sar', N'rn takibi', N'Buzdolab arza verdi firmaya gidersen renirmisin', CAST(N'2020-12-09T00:00:00' AS SmallDateTime))
SET IDENTITY_INSERT [dbo].[Mesajlars] OFF
GO
SET IDENTITY_INSERT [dbo].[Personels] ON 

INSERT [dbo].[Personels] ([Personelid], [PersonelAd], [PersonelSoyad], [PersonelGorsel], [Departmanid]) VALUES (1, N'Erturul', N'Doanahin', N'https://www.cumhuriyet.com.tr/Archive/2020/1/21/125837305-hb.jpg', 4)
INSERT [dbo].[Personels] ([Personelid], [PersonelAd], [PersonelSoyad], [PersonelGorsel], [Departmanid]) VALUES (2, N'Ercan', N'Sarolu', N'https://i2.milimaj.com/i/milliyet/75/1200x675/5f184adb55428316fc67d334.jpg', 2)
INSERT [dbo].[Personels] ([Personelid], [PersonelAd], [PersonelSoyad], [PersonelGorsel], [Departmanid]) VALUES (3, N'Elanur', N'Doanahin', N'https://img-s2.onedio.com/id-55890967c0efd3b5145aa124/rev-0/w-900/h-562/f-jpg/s-d0fff76b5d8373e15b9ec6ee6b2538a9391ddd5e.jpg', 3)
INSERT [dbo].[Personels] ([Personelid], [PersonelAd], [PersonelSoyad], [PersonelGorsel], [Departmanid]) VALUES (4, N'Sevin', N'Gltekin', N'https://i.pinimg.com/originals/b2/bf/1a/b2bf1aa31ebfb428cbe64604addf96f9.jpg', 1)
INSERT [dbo].[Personels] ([Personelid], [PersonelAd], [PersonelSoyad], [PersonelGorsel], [Departmanid]) VALUES (5, N'Gkhan', N'Kaya', N'16.jpg', 3)
INSERT [dbo].[Personels] ([Personelid], [PersonelAd], [PersonelSoyad], [PersonelGorsel], [Departmanid]) VALUES (6, N'Ece', N'Sarl', N'https://i.pinimg.com/originals/f4/2e/5a/f42e5ab21788b51b6de246a768854b8a.jpg', 3)
INSERT [dbo].[Personels] ([Personelid], [PersonelAd], [PersonelSoyad], [PersonelGorsel], [Departmanid]) VALUES (1005, N'Mehmet', N'Kekevi', N'16.jpg', 2)
INSERT [dbo].[Personels] ([Personelid], [PersonelAd], [PersonelSoyad], [PersonelGorsel], [Departmanid]) VALUES (1006, N'Aye', N'Grsu', N'15_1.jpg', 1)
INSERT [dbo].[Personels] ([Personelid], [PersonelAd], [PersonelSoyad], [PersonelGorsel], [Departmanid]) VALUES (1007, N'Erbil', N'Susaman', N'5_x1.jpg', 1)
INSERT [dbo].[Personels] ([Personelid], [PersonelAd], [PersonelSoyad], [PersonelGorsel], [Departmanid]) VALUES (1008, N'Fidan', N'Aa', N'5_x1.jpg', 2)
INSERT [dbo].[Personels] ([Personelid], [PersonelAd], [PersonelSoyad], [PersonelGorsel], [Departmanid]) VALUES (1009, N'Osman', N'Belli', N'16.jpg', 1)
INSERT [dbo].[Personels] ([Personelid], [PersonelAd], [PersonelSoyad], [PersonelGorsel], [Departmanid]) VALUES (1010, N'Mehmet', N'Boynukara', N'14.jpg', 3)
INSERT [dbo].[Personels] ([Personelid], [PersonelAd], [PersonelSoyad], [PersonelGorsel], [Departmanid]) VALUES (1011, N'Hsniye', N'Keklik', N'ercan_iin_kartal.jpg', 1)
SET IDENTITY_INSERT [dbo].[Personels] OFF
GO
SET IDENTITY_INSERT [dbo].[SatisHarekets] ON 

INSERT [dbo].[SatisHarekets] ([Satisid], [Tarih], [Adet], [Fiyat], [ToplamTutar], [Urunid], [Cariid], [Personelid]) VALUES (1, CAST(N'2021-04-14T00:00:00.000' AS DateTime), 1, CAST(1500.00 AS Decimal(18, 2)), CAST(1500.00 AS Decimal(18, 2)), 2, 1, 2)
INSERT [dbo].[SatisHarekets] ([Satisid], [Tarih], [Adet], [Fiyat], [ToplamTutar], [Urunid], [Cariid], [Personelid]) VALUES (2, CAST(N'2021-04-14T00:00:00.000' AS DateTime), 1, CAST(375.00 AS Decimal(18, 2)), CAST(375.00 AS Decimal(18, 2)), 4, 3, 4)
INSERT [dbo].[SatisHarekets] ([Satisid], [Tarih], [Adet], [Fiyat], [ToplamTutar], [Urunid], [Cariid], [Personelid]) VALUES (5, CAST(N'2021-04-14T00:00:00.000' AS DateTime), 2, CAST(40.00 AS Decimal(18, 2)), CAST(80.00 AS Decimal(18, 2)), 6, 3, 2)
INSERT [dbo].[SatisHarekets] ([Satisid], [Tarih], [Adet], [Fiyat], [ToplamTutar], [Urunid], [Cariid], [Personelid]) VALUES (6, CAST(N'2021-05-22T00:00:00.000' AS DateTime), 12, CAST(25.00 AS Decimal(18, 2)), CAST(300.00 AS Decimal(18, 2)), 7, 2, 6)
INSERT [dbo].[SatisHarekets] ([Satisid], [Tarih], [Adet], [Fiyat], [ToplamTutar], [Urunid], [Cariid], [Personelid]) VALUES (7, CAST(N'2021-05-23T00:00:00.000' AS DateTime), 4, CAST(1500.00 AS Decimal(18, 2)), CAST(6000.00 AS Decimal(18, 2)), 2, 3, 4)
INSERT [dbo].[SatisHarekets] ([Satisid], [Tarih], [Adet], [Fiyat], [ToplamTutar], [Urunid], [Cariid], [Personelid]) VALUES (8, CAST(N'2021-05-23T00:00:00.000' AS DateTime), 8, CAST(40.00 AS Decimal(18, 2)), CAST(320.00 AS Decimal(18, 2)), 6, 7, 1)
SET IDENTITY_INSERT [dbo].[SatisHarekets] OFF
GO
SET IDENTITY_INSERT [dbo].[Uruns] ON 

INSERT [dbo].[Uruns] ([Urunid], [UrunAd], [Marka], [Stok], [AlisFiyat], [SatisFiyat], [Durum], [UrunGorsel], [Kategoriid]) VALUES (1, N'Buzdolab', N'Arelik', 140, CAST(2400.00 AS Decimal(18, 2)), CAST(2700.00 AS Decimal(18, 2)), 1, N'/thumber/images/img_1.jpg', 1)
INSERT [dbo].[Uruns] ([Urunid], [UrunAd], [Marka], [Stok], [AlisFiyat], [SatisFiyat], [Durum], [UrunGorsel], [Kategoriid]) VALUES (2, N'amar Makinesi', N'Beko', 96, CAST(1200.00 AS Decimal(18, 2)), CAST(1500.00 AS Decimal(18, 2)), 1, N'/thumber/images/img_2.jpg', 1)
INSERT [dbo].[Uruns] ([Urunid], [UrunAd], [Marka], [Stok], [AlisFiyat], [SatisFiyat], [Durum], [UrunGorsel], [Kategoriid]) VALUES (3, N'Laptop', N'Toshiba', 50, CAST(3500.00 AS Decimal(18, 2)), CAST(4000.00 AS Decimal(18, 2)), 1, N'/thumber/images/img_3.jpg', 3)
INSERT [dbo].[Uruns] ([Urunid], [UrunAd], [Marka], [Stok], [AlisFiyat], [SatisFiyat], [Durum], [UrunGorsel], [Kategoriid]) VALUES (4, N'Frn', N'Vestel', 120, CAST(300.00 AS Decimal(18, 2)), CAST(375.00 AS Decimal(18, 2)), 1, N'/thumber/images/img_4.jpg', 2)
INSERT [dbo].[Uruns] ([Urunid], [UrunAd], [Marka], [Stok], [AlisFiyat], [SatisFiyat], [Durum], [UrunGorsel], [Kategoriid]) VALUES (5, N'Buzdolab', N'Lg', 100, CAST(2500.00 AS Decimal(18, 2)), CAST(3000.00 AS Decimal(18, 2)), 1, N'/thumber/images/img_5.jpg', 5)
INSERT [dbo].[Uruns] ([Urunid], [UrunAd], [Marka], [Stok], [AlisFiyat], [SatisFiyat], [Durum], [UrunGorsel], [Kategoriid]) VALUES (6, N'Led TV', N'Simens', 292, CAST(30.00 AS Decimal(18, 2)), CAST(40.00 AS Decimal(18, 2)), 1, N'/thumber/images/img_6.jpg', 2)
INSERT [dbo].[Uruns] ([Urunid], [UrunAd], [Marka], [Stok], [AlisFiyat], [SatisFiyat], [Durum], [UrunGorsel], [Kategoriid]) VALUES (7, N'Su stc', N'Simens', 136, CAST(25.00 AS Decimal(18, 2)), CAST(40.00 AS Decimal(18, 2)), 1, N'/thumber/images/img_7.jpg', 2)
INSERT [dbo].[Uruns] ([Urunid], [UrunAd], [Marka], [Stok], [AlisFiyat], [SatisFiyat], [Durum], [UrunGorsel], [Kategoriid]) VALUES (8, N'Kahve Makinesi', N'Vestel', 25, CAST(100.00 AS Decimal(18, 2)), CAST(130.00 AS Decimal(18, 2)), 1, N'test', 2)
SET IDENTITY_INSERT [dbo].[Uruns] OFF
GO
SET IDENTITY_INSERT [dbo].[Yapilacaks] ON 

INSERT [dbo].[Yapilacaks] ([Yapilacakid], [Baslik], [Durum]) VALUES (1, N'Ahmet Bey ile Toplantnz var.', 0)
INSERT [dbo].[Yapilacaks] ([Yapilacakid], [Baslik], [Durum]) VALUES (2, N'Aye Hanm ile Toplantnz var.', 0)
INSERT [dbo].[Yapilacaks] ([Yapilacakid], [Baslik], [Durum]) VALUES (3, N'Deneme Baldr.', 0)
SET IDENTITY_INSERT [dbo].[Yapilacaks] OFF
GO
ALTER TABLE [dbo].[FaturaKalems]  WITH CHECK ADD  CONSTRAINT [FK_dbo.FaturaKalems_dbo.Faturalars_Faturaid] FOREIGN KEY([Faturaid])
REFERENCES [dbo].[Faturalars] ([Faturaid])
ON DELETE CASCADE
GO
ALTER TABLE [dbo].[FaturaKalems] CHECK CONSTRAINT [FK_dbo.FaturaKalems_dbo.Faturalars_Faturaid]
GO
ALTER TABLE [dbo].[Personels]  WITH CHECK ADD  CONSTRAINT [FK_dbo.Personels_dbo.Departmen_Departmanid] FOREIGN KEY([Departmanid])
REFERENCES [dbo].[Departmen] ([Departmanid])
ON DELETE CASCADE
GO
ALTER TABLE [dbo].[Personels] CHECK CONSTRAINT [FK_dbo.Personels_dbo.Departmen_Departmanid]
GO
ALTER TABLE [dbo].[SatisHarekets]  WITH CHECK ADD  CONSTRAINT [FK_dbo.SatisHarekets_dbo.Carilers_Cariid] FOREIGN KEY([Cariid])
REFERENCES [dbo].[Carilers] ([Cariid])
ON DELETE CASCADE
GO
ALTER TABLE [dbo].[SatisHarekets] CHECK CONSTRAINT [FK_dbo.SatisHarekets_dbo.Carilers_Cariid]
GO
ALTER TABLE [dbo].[SatisHarekets]  WITH CHECK ADD  CONSTRAINT [FK_dbo.SatisHarekets_dbo.Personels_Personelid] FOREIGN KEY([Personelid])
REFERENCES [dbo].[Personels] ([Personelid])
ON DELETE CASCADE
GO
ALTER TABLE [dbo].[SatisHarekets] CHECK CONSTRAINT [FK_dbo.SatisHarekets_dbo.Personels_Personelid]
GO
ALTER TABLE [dbo].[SatisHarekets]  WITH CHECK ADD  CONSTRAINT [FK_dbo.SatisHarekets_dbo.Uruns_Urunid] FOREIGN KEY([Urunid])
REFERENCES [dbo].[Uruns] ([Urunid])
ON DELETE CASCADE
GO
ALTER TABLE [dbo].[SatisHarekets] CHECK CONSTRAINT [FK_dbo.SatisHarekets_dbo.Uruns_Urunid]
GO
ALTER TABLE [dbo].[Uruns]  WITH CHECK ADD  CONSTRAINT [FK_dbo.Uruns_dbo.Kategoris_Kategoriid] FOREIGN KEY([Kategoriid])
REFERENCES [dbo].[Kategoris] ([KategoriID])
ON DELETE CASCADE
GO
ALTER TABLE [dbo].[Uruns] CHECK CONSTRAINT [FK_dbo.Uruns_dbo.Kategoris_Kategoriid]
GO
